-------------ARTISTA----------------
INSERT INTO artistas (id_artista, nombre, nacionalidad, fecha_nacimiento) VALUES (1, 'Norma Fisher', 'Eritrea', '1989-01-11');
INSERT INTO artistas (id_artista, nombre, nacionalidad, fecha_nacimiento) VALUES (2, 'Dr. Ronald Faulkner', 'Guinea-Bissau', '1993-12-09');
INSERT INTO artistas (id_artista, nombre, nacionalidad, fecha_nacimiento) VALUES (3, 'Colleen Taylor', 'Burundi', '2005-09-02');
INSERT INTO artistas (id_artista, nombre, nacionalidad, fecha_nacimiento) VALUES (4, 'Robert Archer', 'Marshall Islands', '2002-03-24');
INSERT INTO artistas (id_artista, nombre, nacionalidad, fecha_nacimiento) VALUES (5, 'Stephanie Collins', 'Saint Lucia', '1959-04-04');
INSERT INTO artistas (id_artista, nombre, nacionalidad, fecha_nacimiento) VALUES (6, 'Melinda Kennedy', 'Bolivia', '1978-04-25');
INSERT INTO artistas (id_artista, nombre, nacionalidad, fecha_nacimiento) VALUES (7, 'Levi Durham', 'Mexico', '1986-09-13');
INSERT INTO artistas (id_artista, nombre, nacionalidad, fecha_nacimiento) VALUES (8, 'Joseph Brown', 'Uruguay', '1991-07-30');
INSERT INTO artistas (id_artista, nombre, nacionalidad, fecha_nacimiento) VALUES (9, 'Anna Larsen', 'Russian Federation', '1999-09-16');
INSERT INTO artistas (id_artista, nombre, nacionalidad, fecha_nacimiento) VALUES (10, 'Lisa Clayton', 'Grenada', '1970-11-02');
INSERT INTO artistas (id_artista, nombre, nacionalidad, fecha_nacimiento) VALUES (11, 'Michele Brown', 'United States Virgin Islands', '1992-11-09');
INSERT INTO artistas (id_artista, nombre, nacionalidad, fecha_nacimiento) VALUES (12, 'Robert Thomas', 'Mauritius', '1984-09-21');
INSERT INTO artistas (id_artista, nombre, nacionalidad, fecha_nacimiento) VALUES (13, 'Willie Golden', 'Venezuela', '1987-07-15');
INSERT INTO artistas (id_artista, nombre, nacionalidad, fecha_nacimiento) VALUES (14, 'Juan Mann', 'Mayotte', '1976-11-18');
INSERT INTO artistas (id_artista, nombre, nacionalidad, fecha_nacimiento) VALUES (15, 'Kimberly Maynard', 'Netherlands Antilles', '1991-06-24');
INSERT INTO artistas (id_artista, nombre, nacionalidad, fecha_nacimiento) VALUES (16, 'Jill Carlson', 'Hungary', '1975-10-25');
INSERT INTO artistas (id_artista, nombre, nacionalidad, fecha_nacimiento) VALUES (17, 'Donna Lopez', 'Colombia', '1956-06-25');
INSERT INTO artistas (id_artista, nombre, nacionalidad, fecha_nacimiento) VALUES (18, 'Mary Alvarez', 'Benin', '2000-06-04');
INSERT INTO artistas (id_artista, nombre, nacionalidad, fecha_nacimiento) VALUES (19, 'Sherri Mclean', 'Tajikistan', '1959-09-13');
INSERT INTO artistas (id_artista, nombre, nacionalidad, fecha_nacimiento) VALUES (20, 'Tammy Fernandez', 'India', '2002-03-26');
INSERT INTO artistas (id_artista, nombre, nacionalidad, fecha_nacimiento) VALUES (21, 'Kelly Young', 'Cuba', '2000-06-23');
INSERT INTO artistas (id_artista, nombre, nacionalidad, fecha_nacimiento) VALUES (22, 'Tiffany Riley', 'Korea', '1987-10-07');
INSERT INTO artistas (id_artista, nombre, nacionalidad, fecha_nacimiento) VALUES (23, 'Whitney Stark', 'South Africa', '1978-07-23');
INSERT INTO artistas (id_artista, nombre, nacionalidad, fecha_nacimiento) VALUES (24, 'Louis Tucker', 'Niue', '1977-01-20');
INSERT INTO artistas (id_artista, nombre, nacionalidad, fecha_nacimiento) VALUES (25, 'Dana Dennis', 'Brazil', '2002-03-28');
INSERT INTO artistas (id_artista, nombre, nacionalidad, fecha_nacimiento) VALUES (26, 'Robert Cook', 'Suriname', '1958-06-21');
INSERT INTO artistas (id_artista, nombre, nacionalidad, fecha_nacimiento) VALUES (27, 'Charles Wolfe', 'Aruba', '1993-04-16');
INSERT INTO artistas (id_artista, nombre, nacionalidad, fecha_nacimiento) VALUES (28, 'Taylor Guzman', 'Barbados', '1956-01-21');
INSERT INTO artistas (id_artista, nombre, nacionalidad, fecha_nacimiento) VALUES (29, 'Colin Greer', 'British Indian Ocean Territory (Chagos Archipelago)', '1980-11-10');
INSERT INTO artistas (id_artista, nombre, nacionalidad, fecha_nacimiento) VALUES (30, 'Roy Wilson', 'Netherlands', '1955-09-17');
INSERT INTO artistas (id_artista, nombre, nacionalidad, fecha_nacimiento) VALUES (31, 'Wesley Robbins', 'Lesotho', '1968-07-26');
INSERT INTO artistas (id_artista, nombre, nacionalidad, fecha_nacimiento) VALUES (32, 'Amy Shelton', 'Mauritius', '1983-03-15');
INSERT INTO artistas (id_artista, nombre, nacionalidad, fecha_nacimiento) VALUES (33, 'Sara Jones', 'Barbados', '1998-04-06');
INSERT INTO artistas (id_artista, nombre, nacionalidad, fecha_nacimiento) VALUES (34, 'Jeffrey Brown', 'Lao People''s Democratic Republic', '1956-12-01');
INSERT INTO artistas (id_artista, nombre, nacionalidad, fecha_nacimiento) VALUES (35, 'Melissa Myers', 'Eritrea', '1978-08-21');
INSERT INTO artistas (id_artista, nombre, nacionalidad, fecha_nacimiento) VALUES (36, 'Julie Barrera', 'Mongolia', '1965-10-08');
INSERT INTO artistas (id_artista, nombre, nacionalidad, fecha_nacimiento) VALUES (37, 'Christina Saunders', 'Solomon Islands', '2000-04-03');
INSERT INTO artistas (id_artista, nombre, nacionalidad, fecha_nacimiento) VALUES (38, 'Christopher Moreno', 'British Indian Ocean Territory (Chagos Archipelago)', '1994-11-07');
INSERT INTO artistas (id_artista, nombre, nacionalidad, fecha_nacimiento) VALUES (39, 'Mary Smith', 'Pitcairn Islands', '1982-02-18');
INSERT INTO artistas (id_artista, nombre, nacionalidad, fecha_nacimiento) VALUES (40, 'Shelly Lowery', 'Pakistan', '1978-07-18');
INSERT INTO artistas (id_artista, nombre, nacionalidad, fecha_nacimiento) VALUES (41, 'Matthew Hernandez', 'Portugal', '1955-02-01');
INSERT INTO artistas (id_artista, nombre, nacionalidad, fecha_nacimiento) VALUES (42, 'Bob Stevenson', 'Mauritius', '1973-05-09');
INSERT INTO artistas (id_artista, nombre, nacionalidad, fecha_nacimiento) VALUES (43, 'Philip Olson', 'New Caledonia', '1973-10-30');
INSERT INTO artistas (id_artista, nombre, nacionalidad, fecha_nacimiento) VALUES (44, 'Leslie Mcclain', 'Timor-Leste', '1996-07-02');
INSERT INTO artistas (id_artista, nombre, nacionalidad, fecha_nacimiento) VALUES (45, 'Eric Goodman', 'Switzerland', '1998-07-12');
INSERT INTO artistas (id_artista, nombre, nacionalidad, fecha_nacimiento) VALUES (46, 'Kristopher Hale', 'Cayman Islands', '1970-07-13');
INSERT INTO artistas (id_artista, nombre, nacionalidad, fecha_nacimiento) VALUES (47, 'Jerome Page', 'Peru', '1992-11-25');
INSERT INTO artistas (id_artista, nombre, nacionalidad, fecha_nacimiento) VALUES (48, 'Amanda Savage', 'Mongolia', '1982-09-13');
INSERT INTO artistas (id_artista, nombre, nacionalidad, fecha_nacimiento) VALUES (49, 'Michelle Martin', 'Bahrain', '1971-11-18');
INSERT INTO artistas (id_artista, nombre, nacionalidad, fecha_nacimiento) VALUES (50, 'Jill Dyer', 'United States of America', '1992-06-10');


----------------

INSERT INTO grupos (id_grupo, nombre, formacion, disolucion) VALUES (1, 'Campos, Henson and Simpson', '2005-11-09', NULL);
INSERT INTO grupos (id_grupo, nombre, formacion, disolucion) VALUES (2, 'Williams-Carson', '2009-05-13', NULL);
INSERT INTO grupos (id_grupo, nombre, formacion, disolucion) VALUES (3, 'Dunn Ltd', '1998-01-29', '2022-10-06');
INSERT INTO grupos (id_grupo, nombre, formacion, disolucion) VALUES (4, 'Hatfield Group', '2018-04-29', '2021-11-16');
INSERT INTO grupos (id_grupo, nombre, formacion, disolucion) VALUES (5, 'Smith-Smith', '1995-04-27', NULL);
INSERT INTO grupos (id_grupo, nombre, formacion, disolucion) VALUES (6, 'Rice, Davis and Wilson', '2017-04-30', '2019-01-06');
INSERT INTO grupos (id_grupo, nombre, formacion, disolucion) VALUES (7, 'Ramirez-Good', '1998-08-25', '2014-10-30');
INSERT INTO grupos (id_grupo, nombre, formacion, disolucion) VALUES (8, 'Burton-Johnson', '2010-08-26', '2024-04-03');
INSERT INTO grupos (id_grupo, nombre, formacion, disolucion) VALUES (9, 'Callahan and Sons', '2017-06-23', '2021-11-27');
INSERT INTO grupos (id_grupo, nombre, formacion, disolucion) VALUES (10, 'Newman, Wilson and Moore', '1995-11-14', '1997-04-22');
INSERT INTO grupos (id_grupo, nombre, formacion, disolucion) VALUES (11, 'Harris LLC', '2014-03-28', NULL);
INSERT INTO grupos (id_grupo, nombre, formacion, disolucion) VALUES (12, 'Potts-Mays', '1996-09-01', '2022-02-26');
INSERT INTO grupos (id_grupo, nombre, formacion, disolucion) VALUES (13, 'Lawson, Simpson and Schneider', '2010-11-05', NULL);
INSERT INTO grupos (id_grupo, nombre, formacion, disolucion) VALUES (14, 'Graham, Savage and Thompson', '2008-01-07', NULL);
INSERT INTO grupos (id_grupo, nombre, formacion, disolucion) VALUES (15, 'Carter, Taylor and Nelson', '2006-09-21', NULL);
INSERT INTO grupos (id_grupo, nombre, formacion, disolucion) VALUES (16, 'Higgins-Morgan', '2016-05-08', NULL);
INSERT INTO grupos (id_grupo, nombre, formacion, disolucion) VALUES (17, 'Williams and Sons', '2000-04-27', '2020-03-03');
INSERT INTO grupos (id_grupo, nombre, formacion, disolucion) VALUES (18, 'Ward-Hays', '1999-08-26', NULL);
INSERT INTO grupos (id_grupo, nombre, formacion, disolucion) VALUES (19, 'Wilson-Cross', '1996-11-17', NULL);
INSERT INTO grupos (id_grupo, nombre, formacion, disolucion) VALUES (20, 'White-Mills', '1997-08-25', '2007-12-12');
INSERT INTO grupos (id_grupo, nombre, formacion, disolucion) VALUES (21, 'Houston-Evans', '1998-12-08', NULL);
INSERT INTO grupos (id_grupo, nombre, formacion, disolucion) VALUES (22, 'Hoffman Group', '2011-05-14', '2017-02-05');
INSERT INTO grupos (id_grupo, nombre, formacion, disolucion) VALUES (23, 'Martinez-Wilson', '2012-03-04', NULL);
INSERT INTO grupos (id_grupo, nombre, formacion, disolucion) VALUES (24, 'Johnson-Rogers', '2018-08-14', NULL);
INSERT INTO grupos (id_grupo, nombre, formacion, disolucion) VALUES (25, 'Gillespie Ltd', '2014-06-12', '2020-10-31');
INSERT INTO grupos (id_grupo, nombre, formacion, disolucion) VALUES (26, 'Miller, Morton and Gonzalez', '2002-10-05', NULL);
INSERT INTO grupos (id_grupo, nombre, formacion, disolucion) VALUES (27, 'Cruz Inc', '2008-08-21', NULL);
INSERT INTO grupos (id_grupo, nombre, formacion, disolucion) VALUES (28, 'Stone, West and Burns', '2015-02-20', NULL);
INSERT INTO grupos (id_grupo, nombre, formacion, disolucion) VALUES (29, 'Shelton, Henderson and Richardson', '2004-02-12', '2024-01-10');
INSERT INTO grupos (id_grupo, nombre, formacion, disolucion) VALUES (30, 'Reynolds LLC', '1999-02-25', '2001-04-28');
INSERT INTO grupos (id_grupo, nombre, formacion, disolucion) VALUES (31, 'Johnson, Fox and Goodwin', '2002-02-06', NULL);
INSERT INTO grupos (id_grupo, nombre, formacion, disolucion) VALUES (32, 'Crawford LLC', '2002-04-16', '2024-02-06');
INSERT INTO grupos (id_grupo, nombre, formacion, disolucion) VALUES (33, 'Shea and Sons', '2016-06-13', NULL);
INSERT INTO grupos (id_grupo, nombre, formacion, disolucion) VALUES (34, 'Garcia Group', '2008-02-07', '2020-05-28');
INSERT INTO grupos (id_grupo, nombre, formacion, disolucion) VALUES (35, 'Wilcox, Garcia and Carlson', '2011-11-03', '2014-05-13');
INSERT INTO grupos (id_grupo, nombre, formacion, disolucion) VALUES (36, 'Sullivan, Frazier and Rich', '2012-02-04', NULL);
INSERT INTO grupos (id_grupo, nombre, formacion, disolucion) VALUES (37, 'Stark, Morris and Jimenez', '2012-03-15', NULL);
INSERT INTO grupos (id_grupo, nombre, formacion, disolucion) VALUES (38, 'Santiago, Harris and Lynch', '2002-09-06', NULL);
INSERT INTO grupos (id_grupo, nombre, formacion, disolucion) VALUES (39, 'Peterson Ltd', '2006-01-25', NULL);
INSERT INTO grupos (id_grupo, nombre, formacion, disolucion) VALUES (40, 'Johnson-Hernandez', '2003-12-24', '2024-06-24');
INSERT INTO grupos (id_grupo, nombre, formacion, disolucion) VALUES (41, 'Kirby PLC', '2005-04-03', NULL);
INSERT INTO grupos (id_grupo, nombre, formacion, disolucion) VALUES (42, 'Mccarthy, Ruiz and Marsh', '2012-10-24', '2013-06-25');
INSERT INTO grupos (id_grupo, nombre, formacion, disolucion) VALUES (43, 'Perez Inc', '2005-06-17', NULL);
INSERT INTO grupos (id_grupo, nombre, formacion, disolucion) VALUES (44, 'Blake Group', '2006-06-27', '2011-12-14');
INSERT INTO grupos (id_grupo, nombre, formacion, disolucion) VALUES (45, 'Melton Group', '2007-11-15', NULL);
INSERT INTO grupos (id_grupo, nombre, formacion, disolucion) VALUES (46, 'Reyes, Moreno and Johnson', '1998-04-28', '2021-05-29');
INSERT INTO grupos (id_grupo, nombre, formacion, disolucion) VALUES (47, 'Chang, Mooney and Burgess', '2002-04-02', NULL);
INSERT INTO grupos (id_grupo, nombre, formacion, disolucion) VALUES (48, 'Nichols-George', '2011-08-24', '2025-02-06');
INSERT INTO grupos (id_grupo, nombre, formacion, disolucion) VALUES (49, 'Lawson-Hall', '1995-12-08', NULL);
INSERT INTO grupos (id_grupo, nombre, formacion, disolucion) VALUES (50, 'Mcclure, Yang and Turner', '2014-08-23', NULL);


------------------

INSERT INTO artistas_grupos (id_artista, id_grupo) VALUES (1, 11);
INSERT INTO artistas_grupos (id_artista, id_grupo) VALUES (1, 20);
INSERT INTO artistas_grupos (id_artista, id_grupo) VALUES (1, 17);
INSERT INTO artistas_grupos (id_artista, id_grupo) VALUES (2, 35);
INSERT INTO artistas_grupos (id_artista, id_grupo) VALUES (2, 30);
INSERT INTO artistas_grupos (id_artista, id_grupo) VALUES (3, 35);
INSERT INTO artistas_grupos (id_artista, id_grupo) VALUES (4, 27);
INSERT INTO artistas_grupos (id_artista, id_grupo) VALUES (4, 8);
INSERT INTO artistas_grupos (id_artista, id_grupo) VALUES (4, 22);
INSERT INTO artistas_grupos (id_artista, id_grupo) VALUES (5, 16);
INSERT INTO artistas_grupos (id_artista, id_grupo) VALUES (5, 12);
INSERT INTO artistas_grupos (id_artista, id_grupo) VALUES (5, 32);
INSERT INTO artistas_grupos (id_artista, id_grupo) VALUES (6, 28);
INSERT INTO artistas_grupos (id_artista, id_grupo) VALUES (7, 10);
INSERT INTO artistas_grupos (id_artista, id_grupo) VALUES (8, 49);
INSERT INTO artistas_grupos (id_artista, id_grupo) VALUES (8, 28);
INSERT INTO artistas_grupos (id_artista, id_grupo) VALUES (8, 17);
INSERT INTO artistas_grupos (id_artista, id_grupo) VALUES (9, 34);
INSERT INTO artistas_grupos (id_artista, id_grupo) VALUES (9, 33);
INSERT INTO artistas_grupos (id_artista, id_grupo) VALUES (9, 15);
INSERT INTO artistas_grupos (id_artista, id_grupo) VALUES (10, 14);
INSERT INTO artistas_grupos (id_artista, id_grupo) VALUES (11, 28);
INSERT INTO artistas_grupos (id_artista, id_grupo) VALUES (11, 35);
INSERT INTO artistas_grupos (id_artista, id_grupo) VALUES (11, 48);
INSERT INTO artistas_grupos (id_artista, id_grupo) VALUES (12, 11);
INSERT INTO artistas_grupos (id_artista, id_grupo) VALUES (12, 40);
INSERT INTO artistas_grupos (id_artista, id_grupo) VALUES (12, 19);
INSERT INTO artistas_grupos (id_artista, id_grupo) VALUES (13, 48);
INSERT INTO artistas_grupos (id_artista, id_grupo) VALUES (13, 25);
INSERT INTO artistas_grupos (id_artista, id_grupo) VALUES (14, 13);
INSERT INTO artistas_grupos (id_artista, id_grupo) VALUES (14, 14);
INSERT INTO artistas_grupos (id_artista, id_grupo) VALUES (14, 17);
INSERT INTO artistas_grupos (id_artista, id_grupo) VALUES (15, 38);
INSERT INTO artistas_grupos (id_artista, id_grupo) VALUES (16, 38);
INSERT INTO artistas_grupos (id_artista, id_grupo) VALUES (17, 24);
INSERT INTO artistas_grupos (id_artista, id_grupo) VALUES (18, 29);
INSERT INTO artistas_grupos (id_artista, id_grupo) VALUES (18, 40);
INSERT INTO artistas_grupos (id_artista, id_grupo) VALUES (18, 6);
INSERT INTO artistas_grupos (id_artista, id_grupo) VALUES (19, 50);
INSERT INTO artistas_grupos (id_artista, id_grupo) VALUES (19, 1);
INSERT INTO artistas_grupos (id_artista, id_grupo) VALUES (20, 47);
INSERT INTO artistas_grupos (id_artista, id_grupo) VALUES (20, 49);
INSERT INTO artistas_grupos (id_artista, id_grupo) VALUES (21, 42);
INSERT INTO artistas_grupos (id_artista, id_grupo) VALUES (21, 17);
INSERT INTO artistas_grupos (id_artista, id_grupo) VALUES (22, 49);
INSERT INTO artistas_grupos (id_artista, id_grupo) VALUES (23, 46);
INSERT INTO artistas_grupos (id_artista, id_grupo) VALUES (24, 3);
INSERT INTO artistas_grupos (id_artista, id_grupo) VALUES (25, 13);
INSERT INTO artistas_grupos (id_artista, id_grupo) VALUES (26, 39);
INSERT INTO artistas_grupos (id_artista, id_grupo) VALUES (26, 14);
INSERT INTO artistas_grupos (id_artista, id_grupo) VALUES (27, 15);
INSERT INTO artistas_grupos (id_artista, id_grupo) VALUES (28, 39);
INSERT INTO artistas_grupos (id_artista, id_grupo) VALUES (29, 39);
INSERT INTO artistas_grupos (id_artista, id_grupo) VALUES (29, 27);
INSERT INTO artistas_grupos (id_artista, id_grupo) VALUES (30, 49);
INSERT INTO artistas_grupos (id_artista, id_grupo) VALUES (30, 1);
INSERT INTO artistas_grupos (id_artista, id_grupo) VALUES (30, 45);
INSERT INTO artistas_grupos (id_artista, id_grupo) VALUES (31, 28);
INSERT INTO artistas_grupos (id_artista, id_grupo) VALUES (31, 23);
INSERT INTO artistas_grupos (id_artista, id_grupo) VALUES (31, 26);
INSERT INTO artistas_grupos (id_artista, id_grupo) VALUES (32, 48);
INSERT INTO artistas_grupos (id_artista, id_grupo) VALUES (32, 1);
INSERT INTO artistas_grupos (id_artista, id_grupo) VALUES (33, 6);
INSERT INTO artistas_grupos (id_artista, id_grupo) VALUES (33, 27);
INSERT INTO artistas_grupos (id_artista, id_grupo) VALUES (34, 33);
INSERT INTO artistas_grupos (id_artista, id_grupo) VALUES (34, 18);
INSERT INTO artistas_grupos (id_artista, id_grupo) VALUES (35, 44);
INSERT INTO artistas_grupos (id_artista, id_grupo) VALUES (35, 29);
INSERT INTO artistas_grupos (id_artista, id_grupo) VALUES (36, 1);
INSERT INTO artistas_grupos (id_artista, id_grupo) VALUES (36, 20);
INSERT INTO artistas_grupos (id_artista, id_grupo) VALUES (37, 43);
INSERT INTO artistas_grupos (id_artista, id_grupo) VALUES (38, 42);
INSERT INTO artistas_grupos (id_artista, id_grupo) VALUES (38, 36);
INSERT INTO artistas_grupos (id_artista, id_grupo) VALUES (38, 49);
INSERT INTO artistas_grupos (id_artista, id_grupo) VALUES (39, 24);
INSERT INTO artistas_grupos (id_artista, id_grupo) VALUES (39, 18);
INSERT INTO artistas_grupos (id_artista, id_grupo) VALUES (40, 21);
INSERT INTO artistas_grupos (id_artista, id_grupo) VALUES (40, 12);
INSERT INTO artistas_grupos (id_artista, id_grupo) VALUES (40, 25);
INSERT INTO artistas_grupos (id_artista, id_grupo) VALUES (41, 37);
INSERT INTO artistas_grupos (id_artista, id_grupo) VALUES (42, 25);
INSERT INTO artistas_grupos (id_artista, id_grupo) VALUES (42, 31);
INSERT INTO artistas_grupos (id_artista, id_grupo) VALUES (43, 1);
INSERT INTO artistas_grupos (id_artista, id_grupo) VALUES (44, 37);
INSERT INTO artistas_grupos (id_artista, id_grupo) VALUES (45, 21);
INSERT INTO artistas_grupos (id_artista, id_grupo) VALUES (45, 42);
INSERT INTO artistas_grupos (id_artista, id_grupo) VALUES (45, 9);
INSERT INTO artistas_grupos (id_artista, id_grupo) VALUES (46, 44);
INSERT INTO artistas_grupos (id_artista, id_grupo) VALUES (47, 44);
INSERT INTO artistas_grupos (id_artista, id_grupo) VALUES (47, 2);
INSERT INTO artistas_grupos (id_artista, id_grupo) VALUES (48, 21);
INSERT INTO artistas_grupos (id_artista, id_grupo) VALUES (48, 49);
INSERT INTO artistas_grupos (id_artista, id_grupo) VALUES (49, 41);
INSERT INTO artistas_grupos (id_artista, id_grupo) VALUES (49, 34);
INSERT INTO artistas_grupos (id_artista, id_grupo) VALUES (50, 44);
INSERT INTO artistas_grupos (id_artista, id_grupo) VALUES (50, 29);

-----------------------------------
INSERT INTO generos_musicales (id_genero, nombre_genero) VALUES (1, 'Pop');
INSERT INTO generos_musicales (id_genero, nombre_genero) VALUES (2, 'Rock');
INSERT INTO generos_musicales (id_genero, nombre_genero) VALUES (3, 'Jazz');
INSERT INTO generos_musicales (id_genero, nombre_genero) VALUES (4, 'Reggaeton');
INSERT INTO generos_musicales (id_genero, nombre_genero) VALUES (5, 'Hip Hop');
INSERT INTO generos_musicales (id_genero, nombre_genero) VALUES (6, 'Classical');
INSERT INTO generos_musicales (id_genero, nombre_genero) VALUES (7, 'Electronic');
INSERT INTO generos_musicales (id_genero, nombre_genero) VALUES (8, 'Folk');
INSERT INTO generos_musicales (id_genero, nombre_genero) VALUES (9, 'Country');
INSERT INTO generos_musicales (id_genero, nombre_genero) VALUES (10, 'Metal');

--------------------------------------


INSERT INTO planes (id_plan, nombre, precio, descripcion) VALUES (1, 'Plan 1', 15.21, 'Four management energy stay significant.');
INSERT INTO planes (id_plan, nombre, precio, descripcion) VALUES (2, 'Plan 2', 17.5, 'Special artist political camera expert stop.');
INSERT INTO planes (id_plan, nombre, precio, descripcion) VALUES (3, 'Plan 3', 9.8, 'Walk loss cell three.');
INSERT INTO planes (id_plan, nombre, precio, descripcion) VALUES (4, 'Plan 4', 15.9, 'Response purpose character would in partner hit another.');
INSERT INTO planes (id_plan, nombre, precio, descripcion) VALUES (5, 'Plan 5', 14.02, 'Sing after our car food record power.');

-------------------------------
INSERT INTO usuarios (id_usuario, id_plan, nombre_usuario, correo, fecha_registro) VALUES (1, 3, 'patrickfrank', 'ibarrachelsea@yahoo.com', '2023-02-10');
INSERT INTO usuarios (id_usuario, id_plan, nombre_usuario, correo, fecha_registro) VALUES (2, 4, 'montesjennifer', 'susanhughes@yahoo.com', '2021-04-09');
INSERT INTO usuarios (id_usuario, id_plan, nombre_usuario, correo, fecha_registro) VALUES (3, 4, 'benjaminmyers', 'stanleyclarke@gmail.com', '2020-08-13');
INSERT INTO usuarios (id_usuario, id_plan, nombre_usuario, correo, fecha_registro) VALUES (4, 5, 'tuckerrachel', 'claytonweiss@chan.com', '2021-03-15');
INSERT INTO usuarios (id_usuario, id_plan, nombre_usuario, correo, fecha_registro) VALUES (5, 1, 'ronaldknight', 'perrycory@navarro.info', '2023-11-27');
INSERT INTO usuarios (id_usuario, id_plan, nombre_usuario, correo, fecha_registro) VALUES (6, 4, 'ujohnson', 'gomezdavid@hotmail.com', '2020-06-27');
INSERT INTO usuarios (id_usuario, id_plan, nombre_usuario, correo, fecha_registro) VALUES (7, 2, 'michael03', 'carlsondouglas@gmail.com', '2021-12-24');
INSERT INTO usuarios (id_usuario, id_plan, nombre_usuario, correo, fecha_registro) VALUES (8, 5, 'adkinskelly', 'michelelopez@woods.com', '2021-05-06');
INSERT INTO usuarios (id_usuario, id_plan, nombre_usuario, correo, fecha_registro) VALUES (9, 2, 'levymichael', 'kenneth85@gmail.com', '2020-12-04');
INSERT INTO usuarios (id_usuario, id_plan, nombre_usuario, correo, fecha_registro) VALUES (10, 3, 'fergusonkyle', 'sonyabrock@yahoo.com', '2024-07-24');
INSERT INTO usuarios (id_usuario, id_plan, nombre_usuario, correo, fecha_registro) VALUES (11, 3, 'joelwhite', 'ialvarado@hotmail.com', '2020-05-30');
INSERT INTO usuarios (id_usuario, id_plan, nombre_usuario, correo, fecha_registro) VALUES (12, 1, 'emiller', 'aevans@house.com', '2020-12-15');
INSERT INTO usuarios (id_usuario, id_plan, nombre_usuario, correo, fecha_registro) VALUES (13, 4, 'seanwood', 'aortiz@valenzuela.info', '2021-01-04');
INSERT INTO usuarios (id_usuario, id_plan, nombre_usuario, correo, fecha_registro) VALUES (14, 1, 'laurahill', 'lhebert@reynolds-wright.info', '2023-02-18');
INSERT INTO usuarios (id_usuario, id_plan, nombre_usuario, correo, fecha_registro) VALUES (15, 1, 'michaelwelch', 'sfischer@greer.org', '2024-03-02');
INSERT INTO usuarios (id_usuario, id_plan, nombre_usuario, correo, fecha_registro) VALUES (16, 1, 'robinsondanny', 'rogerpotter@gmail.com', '2024-06-21');
INSERT INTO usuarios (id_usuario, id_plan, nombre_usuario, correo, fecha_registro) VALUES (17, 2, 'amysullivan', 'nelsonelizabeth@scott.org', '2023-08-11');
INSERT INTO usuarios (id_usuario, id_plan, nombre_usuario, correo, fecha_registro) VALUES (18, 3, 'qgarcia', 'monica39@gmail.com', '2020-07-16');
INSERT INTO usuarios (id_usuario, id_plan, nombre_usuario, correo, fecha_registro) VALUES (19, 4, 'sparkskevin', 'morenojohn@gmail.com', '2020-10-25');
INSERT INTO usuarios (id_usuario, id_plan, nombre_usuario, correo, fecha_registro) VALUES (20, 3, 'scallahan', 'amandajenkins@stephens.com', '2022-09-22');
INSERT INTO usuarios (id_usuario, id_plan, nombre_usuario, correo, fecha_registro) VALUES (21, 5, 'owatson', 'davidmartinez@garza-taylor.com', '2023-04-02');
INSERT INTO usuarios (id_usuario, id_plan, nombre_usuario, correo, fecha_registro) VALUES (22, 2, 'nnewton', 'uneal@yahoo.com', '2020-10-01');
INSERT INTO usuarios (id_usuario, id_plan, nombre_usuario, correo, fecha_registro) VALUES (23, 3, 'vevans', 'clayjason@yahoo.com', '2024-03-31');
INSERT INTO usuarios (id_usuario, id_plan, nombre_usuario, correo, fecha_registro) VALUES (24, 2, 'aoneal', 'parksjudy@foster.com', '2022-07-15');
INSERT INTO usuarios (id_usuario, id_plan, nombre_usuario, correo, fecha_registro) VALUES (25, 1, 'jessica32', 'danielmurray@yahoo.com', '2023-07-04');
INSERT INTO usuarios (id_usuario, id_plan, nombre_usuario, correo, fecha_registro) VALUES (26, 5, 'markwong', 'sethfletcher@hotmail.com', '2022-12-05');
INSERT INTO usuarios (id_usuario, id_plan, nombre_usuario, correo, fecha_registro) VALUES (27, 4, 'jasonlopez', 'fsimmons@yahoo.com', '2022-02-10');
INSERT INTO usuarios (id_usuario, id_plan, nombre_usuario, correo, fecha_registro) VALUES (28, 2, 'scottharris', 'ojohnson@pitts.com', '2021-09-17');
INSERT INTO usuarios (id_usuario, id_plan, nombre_usuario, correo, fecha_registro) VALUES (29, 5, 'cherylsalazar', 'robert08@hotmail.com', '2024-11-22');
INSERT INTO usuarios (id_usuario, id_plan, nombre_usuario, correo, fecha_registro) VALUES (30, 5, 'fcarpenter', 'rlewis@gmail.com', '2020-08-11');
INSERT INTO usuarios (id_usuario, id_plan, nombre_usuario, correo, fecha_registro) VALUES (31, 5, 'martinadam', 'brycepatterson@arellano.net', '2022-02-12');
INSERT INTO usuarios (id_usuario, id_plan, nombre_usuario, correo, fecha_registro) VALUES (32, 4, 'mlee', 'nortonmarcus@barry-scott.net', '2020-08-12');
INSERT INTO usuarios (id_usuario, id_plan, nombre_usuario, correo, fecha_registro) VALUES (33, 2, 'miguelclark', 'maryking@hotmail.com', '2022-10-20');
INSERT INTO usuarios (id_usuario, id_plan, nombre_usuario, correo, fecha_registro) VALUES (34, 4, 'zachary64', 'monica30@yahoo.com', '2024-12-06');
INSERT INTO usuarios (id_usuario, id_plan, nombre_usuario, correo, fecha_registro) VALUES (35, 3, 'smithtyler', 'starkrobert@yahoo.com', '2024-02-26');
INSERT INTO usuarios (id_usuario, id_plan, nombre_usuario, correo, fecha_registro) VALUES (36, 2, 'fwilson', 'mckenzieeric@alexander.biz', '2024-12-28');
INSERT INTO usuarios (id_usuario, id_plan, nombre_usuario, correo, fecha_registro) VALUES (37, 1, 'lwilliams', 'rrobinson@flores-graham.net', '2022-09-01');
INSERT INTO usuarios (id_usuario, id_plan, nombre_usuario, correo, fecha_registro) VALUES (38, 5, 'jenniferwaters', 'joseph01@hotmail.com', '2021-01-29');
INSERT INTO usuarios (id_usuario, id_plan, nombre_usuario, correo, fecha_registro) VALUES (39, 2, 'jessicawright', 'harmonzachary@gmail.com', '2021-04-10');
INSERT INTO usuarios (id_usuario, id_plan, nombre_usuario, correo, fecha_registro) VALUES (40, 1, 'hbrewer', 'emilywarner@hotmail.com', '2022-08-21');
INSERT INTO usuarios (id_usuario, id_plan, nombre_usuario, correo, fecha_registro) VALUES (41, 5, 'jodivalenzuela', 'emily35@castillo.com', '2024-12-10');
INSERT INTO usuarios (id_usuario, id_plan, nombre_usuario, correo, fecha_registro) VALUES (42, 1, 'michael02', 'theresadixon@gmail.com', '2021-05-23');
INSERT INTO usuarios (id_usuario, id_plan, nombre_usuario, correo, fecha_registro) VALUES (43, 4, 'kimberlyhampton', 'jessicacabrera@gomez-garza.info', '2021-02-26');
INSERT INTO usuarios (id_usuario, id_plan, nombre_usuario, correo, fecha_registro) VALUES (44, 2, 'foxmichael', 'alexander38@hotmail.com', '2021-08-16');
INSERT INTO usuarios (id_usuario, id_plan, nombre_usuario, correo, fecha_registro) VALUES (45, 3, 'vlamb', 'janet14@gmail.com', '2023-08-28');
INSERT INTO usuarios (id_usuario, id_plan, nombre_usuario, correo, fecha_registro) VALUES (46, 2, 'lorrainefloyd', 'clarkleslie@hotmail.com', '2022-05-12');
INSERT INTO usuarios (id_usuario, id_plan, nombre_usuario, correo, fecha_registro) VALUES (47, 4, 'michelle34', 'kevinkelly@hotmail.com', '2020-09-24');
INSERT INTO usuarios (id_usuario, id_plan, nombre_usuario, correo, fecha_registro) VALUES (48, 2, 'michaelhenry', 'allenalexander@murphy.biz', '2021-05-24');
INSERT INTO usuarios (id_usuario, id_plan, nombre_usuario, correo, fecha_registro) VALUES (49, 2, 'shanethomas', 'debrachandler@hotmail.com', '2023-09-18');
INSERT INTO usuarios (id_usuario, id_plan, nombre_usuario, correo, fecha_registro) VALUES (50, 4, 'qsmith', 'cunninghamdavid@yahoo.com', '2021-09-11');


----------------------------------

INSERT INTO canciones (id_cancion, id_artista, id_grupo, id_genero, titulo, duracion_segundos, genero, letra, cantidad_reproducciones) VALUES (1,  32,  31,  4,  'Month.',  207,  'Reggaeton', 'Than method run challenge form style star east. What to sea.',  9045);
INSERT INTO canciones (id_cancion, id_artista, id_grupo, id_genero, titulo, duracion_segundos, genero, letra, cantidad_reproducciones) VALUES (2,  30,  24,  4,  'Environmental.',  135,  'Reggaeton', 'Yet seven several might history. Decade not forget why under',  7713);
INSERT INTO canciones (id_cancion, id_artista, id_grupo, id_genero, titulo, duracion_segundos, genero, letra, cantidad_reproducciones) VALUES (3,  12,  10,  1,  'Could nature interest wear.',  161,  'Pop', 'College probably church body mean someone painting. Entire e',  1956);
INSERT INTO canciones (id_cancion, id_artista, id_grupo, id_genero, titulo, duracion_segundos, genero, letra, cantidad_reproducciones) VALUES (4,  6,  4,  1,  'Word citizen create.',  145,  'Pop', 'Record affect same number drug continue serve information. L',  7739);
INSERT INTO canciones (id_cancion, id_artista, id_grupo, id_genero, titulo, duracion_segundos, genero, letra, cantidad_reproducciones) VALUES (5,  49,  25,  3,  'Pass.',  135,  'Jazz', 'Stop camera report foreign agency list. Career bank ten gues',  7778);
INSERT INTO canciones (id_cancion, id_artista, id_grupo, id_genero, titulo, duracion_segundos, genero, letra, cantidad_reproducciones) VALUES (6,  31,  26,  2,  'Your choice too.',  210,  'Rock', 'Although one political almost. Stand author possible lead dr',  2613);
INSERT INTO canciones (id_cancion, id_artista, id_grupo, id_genero, titulo, duracion_segundos, genero, letra, cantidad_reproducciones) VALUES (7,  19,  43,  3,  'Population recognize someone.',  71,  'Jazz', 'Should represent group strong back approach great top.
None ',  546);
INSERT INTO canciones (id_cancion, id_artista, id_grupo, id_genero, titulo, duracion_segundos, genero, letra, cantidad_reproducciones) VALUES (8,  22,  49,  7,  'A.',  252,  'Electronic', 'Church nature chair company TV policy. Wall various foreign ',  6232);
INSERT INTO canciones (id_cancion, id_artista, id_grupo, id_genero, titulo, duracion_segundos, genero, letra, cantidad_reproducciones) VALUES (9,  24,  48,  10,  'Purpose here.',  210,  'Metal', 'Job trial four easy case member.
Authority imagine probably ',  178);
INSERT INTO canciones (id_cancion, id_artista, id_grupo, id_genero, titulo, duracion_segundos, genero, letra, cantidad_reproducciones) VALUES (10,  26,  31,  2,  'Item bit leave.',  89,  'Rock', 'College listen city truth. Seven both happy central group. P',  3261);
INSERT INTO canciones (id_cancion, id_artista, id_grupo, id_genero, titulo, duracion_segundos, genero, letra, cantidad_reproducciones) VALUES (11,  2,  18,  7,  'Clearly ahead.',  211,  'Electronic', 'Ground think save respond friend budget while. Significant e',  4031);
INSERT INTO canciones (id_cancion, id_artista, id_grupo, id_genero, titulo, duracion_segundos, genero, letra, cantidad_reproducciones) VALUES (12,  36,  1,  10,  'These military.',  203,  'Metal', 'Just raise enough onto try. Those north trouble upon. Popula',  1620);
INSERT INTO canciones (id_cancion, id_artista, id_grupo, id_genero, titulo, duracion_segundos, genero, letra, cantidad_reproducciones) VALUES (13,  44,  25,  3,  'Probably arm.',  222,  'Jazz', 'Next according television next sense make real use. Girl sis',  5872);
INSERT INTO canciones (id_cancion, id_artista, id_grupo, id_genero, titulo, duracion_segundos, genero, letra, cantidad_reproducciones) VALUES (14,  37,  22,  8,  'Place grow everyone.',  205,  'Folk', 'Term look fact land general. Sea upon full director race. Le',  4695);
INSERT INTO canciones (id_cancion, id_artista, id_grupo, id_genero, titulo, duracion_segundos, genero, letra, cantidad_reproducciones) VALUES (15,  9,  24,  10,  'Idea.',  294,  'Metal', 'Can start paper. Bank letter summer minute perform. At compu',  5047);
INSERT INTO canciones (id_cancion, id_artista, id_grupo, id_genero, titulo, duracion_segundos, genero, letra, cantidad_reproducciones) VALUES (16,  49,  49,  1,  'Measure star tell.',  139,  'Pop', 'Go simple improve language thousand. If share land involve e',  5352);
INSERT INTO canciones (id_cancion, id_artista, id_grupo, id_genero, titulo, duracion_segundos, genero, letra, cantidad_reproducciones) VALUES (17,  42,  47,  2,  'Toward such new.',  67,  'Rock', 'Analysis care kitchen. Difference range technology serious i',  2792);
INSERT INTO canciones (id_cancion, id_artista, id_grupo, id_genero, titulo, duracion_segundos, genero, letra, cantidad_reproducciones) VALUES (18,  14,  45,  10,  'Now so must plant.',  114,  'Metal', 'Poor majority herself Mr bad wide manage. Daughter pay growt',  69);
INSERT INTO canciones (id_cancion, id_artista, id_grupo, id_genero, titulo, duracion_segundos, genero, letra, cantidad_reproducciones) VALUES (19,  34,  15,  5,  'Seven those.',  271,  'Hip Hop', 'Easy picture enough break factor pattern. Seat my arrive mid',  2509);
INSERT INTO canciones (id_cancion, id_artista, id_grupo, id_genero, titulo, duracion_segundos, genero, letra, cantidad_reproducciones) VALUES (20,  22,  26,  3,  'Letter finish.',  197,  'Jazz', 'Night simply a produce foreign. Along particularly factor bo',  6639);
INSERT INTO canciones (id_cancion, id_artista, id_grupo, id_genero, titulo, duracion_segundos, genero, letra, cantidad_reproducciones) VALUES (21,  14,  14,  10,  'Any remain.',  108,  'Metal', 'Employee argue home exactly. Effect fine speak majority larg',  7708);
INSERT INTO canciones (id_cancion, id_artista, id_grupo, id_genero, titulo, duracion_segundos, genero, letra, cantidad_reproducciones) VALUES (22,  2,  43,  4,  'Determine feeling.',  95,  'Reggaeton', 'Necessary economy agree discussion. Understand relate church',  7641);
INSERT INTO canciones (id_cancion, id_artista, id_grupo, id_genero, titulo, duracion_segundos, genero, letra, cantidad_reproducciones) VALUES (23,  44,  27,  4,  'Second late.',  135,  'Reggaeton', 'Win product election baby seven only. Teach seven approach s',  1200);
INSERT INTO canciones (id_cancion, id_artista, id_grupo, id_genero, titulo, duracion_segundos, genero, letra, cantidad_reproducciones) VALUES (24,  24,  6,  1,  'Sing media step.',  127,  'Pop', 'Else feeling trade money smile create. Learn attention cut b',  2711);
INSERT INTO canciones (id_cancion, id_artista, id_grupo, id_genero, titulo, duracion_segundos, genero, letra, cantidad_reproducciones) VALUES (25,  6,  10,  5,  'Phone.',  288,  'Hip Hop', 'Good decade TV culture continue. Many character option imagi',  7381);
INSERT INTO canciones (id_cancion, id_artista, id_grupo, id_genero, titulo, duracion_segundos, genero, letra, cantidad_reproducciones) VALUES (26,  24,  35,  6,  'Resource part instead.',  134,  'Classical', 'Type short rather spend similar both significant stuff. Fami',  5558);
INSERT INTO canciones (id_cancion, id_artista, id_grupo, id_genero, titulo, duracion_segundos, genero, letra, cantidad_reproducciones) VALUES (27,  50,  47,  9,  'Image throughout.',  158,  'Country', 'Sea knowledge my night. Popular open collection become. Expl',  8342);
INSERT INTO canciones (id_cancion, id_artista, id_grupo, id_genero, titulo, duracion_segundos, genero, letra, cantidad_reproducciones) VALUES (28,  47,  33,  2,  'Century hundred.',  266,  'Rock', 'Challenge audience choose himself north professional. Enviro',  9823);
INSERT INTO canciones (id_cancion, id_artista, id_grupo, id_genero, titulo, duracion_segundos, genero, letra, cantidad_reproducciones) VALUES (29,  48,  15,  7,  'Especially low trial.',  256,  'Electronic', 'Specific show pressure. Sea thought raise suggest six claim ',  6005);
INSERT INTO canciones (id_cancion, id_artista, id_grupo, id_genero, titulo, duracion_segundos, genero, letra, cantidad_reproducciones) VALUES (30,  22,  11,  4,  'Daughter consider group.',  93,  'Reggaeton', 'Must toward family event. Government image room analysis wha',  3380);
INSERT INTO canciones (id_cancion, id_artista, id_grupo, id_genero, titulo, duracion_segundos, genero, letra, cantidad_reproducciones) VALUES (31,  23,  19,  7,  'Yet so.',  115,  'Electronic', 'Wrong take old former run others believe. Dog among believe ',  8921);
INSERT INTO canciones (id_cancion, id_artista, id_grupo, id_genero, titulo, duracion_segundos, genero, letra, cantidad_reproducciones) VALUES (32,  27,  31,  5,  'System term social say.',  191,  'Hip Hop', 'Station science push industry.
Mrs me wear prove lead profes',  1545);
INSERT INTO canciones (id_cancion, id_artista, id_grupo, id_genero, titulo, duracion_segundos, genero, letra, cantidad_reproducciones) VALUES (33,  32,  48,  9,  'Notice prevent figure.',  139,  'Country', 'Seven write decision data wrong best I. Pull see collection ',  3289);
INSERT INTO canciones (id_cancion, id_artista, id_grupo, id_genero, titulo, duracion_segundos, genero, letra, cantidad_reproducciones) VALUES (34,  15,  1,  9,  'Forget result professor.',  254,  'Country', 'Pass step have perform. Discover carry TV drive.
Executive m',  8661);
INSERT INTO canciones (id_cancion, id_artista, id_grupo, id_genero, titulo, duracion_segundos, genero, letra, cantidad_reproducciones) VALUES (35,  11,  7,  10,  'Soldier class personal.',  88,  'Metal', 'Civil market value during difficult religious push. Ten will',  1238);
INSERT INTO canciones (id_cancion, id_artista, id_grupo, id_genero, titulo, duracion_segundos, genero, letra, cantidad_reproducciones) VALUES (36,  36,  27,  10,  'Under fear knowledge.',  80,  'Metal', 'Song energy simple be certain. Hit poor appear.
Perform inte',  4138);
INSERT INTO canciones (id_cancion, id_artista, id_grupo, id_genero, titulo, duracion_segundos, genero, letra, cantidad_reproducciones) VALUES (37,  38,  48,  8,  'Form single.',  71,  'Folk', 'Economic seven treatment kid. Into job half black because so',  225);
INSERT INTO canciones (id_cancion, id_artista, id_grupo, id_genero, titulo, duracion_segundos, genero, letra, cantidad_reproducciones) VALUES (38,  24,  37,  4,  'Name may.',  138,  'Reggaeton', 'Bill pattern scientist early. Range know close election.
Rel',  3335);
INSERT INTO canciones (id_cancion, id_artista, id_grupo, id_genero, titulo, duracion_segundos, genero, letra, cantidad_reproducciones) VALUES (39,  21,  34,  6,  'General simple.',  111,  'Classical', 'Tonight food age listen small. Put again big role stand.
Sta',  7566);
INSERT INTO canciones (id_cancion, id_artista, id_grupo, id_genero, titulo, duracion_segundos, genero, letra, cantidad_reproducciones) VALUES (40,  9,  29,  7,  'Large message exist.',  115,  'Electronic', 'Get poor herself population.
Machine hundred a itself eye. C',  2729);
INSERT INTO canciones (id_cancion, id_artista, id_grupo, id_genero, titulo, duracion_segundos, genero, letra, cantidad_reproducciones) VALUES (41,  25,  35,  4,  'However find.',  284,  'Reggaeton', 'City citizen to. List run safe figure. Allow star forward le',  287);
INSERT INTO canciones (id_cancion, id_artista, id_grupo, id_genero, titulo, duracion_segundos, genero, letra, cantidad_reproducciones) VALUES (42,  27,  45,  8,  'Since break star various.',  261,  'Folk', 'Boy response knowledge may. Music catch head sure. Candidate',  4417);
INSERT INTO canciones (id_cancion, id_artista, id_grupo, id_genero, titulo, duracion_segundos, genero, letra, cantidad_reproducciones) VALUES (43,  37,  13,  1,  'Present carry.',  193,  'Pop', 'Same project every end catch American true. Spend food world',  2532);
INSERT INTO canciones (id_cancion, id_artista, id_grupo, id_genero, titulo, duracion_segundos, genero, letra, cantidad_reproducciones) VALUES (44,  32,  10,  8,  'Effect unit.',  174,  'Folk', 'Color current note order. Expect really amount accept someti',  24);
INSERT INTO canciones (id_cancion, id_artista, id_grupo, id_genero, titulo, duracion_segundos, genero, letra, cantidad_reproducciones) VALUES (45,  20,  21,  2,  'Education red.',  160,  'Rock', 'Able treat see better child computer either. Fly rock make b',  590);
INSERT INTO canciones (id_cancion, id_artista, id_grupo, id_genero, titulo, duracion_segundos, genero, letra, cantidad_reproducciones) VALUES (46,  6,  8,  5,  'Suffer team word.',  203,  'Hip Hop', 'Man remember rich yeah simple. Two enough spend practice org',  2679);
INSERT INTO canciones (id_cancion, id_artista, id_grupo, id_genero, titulo, duracion_segundos, genero, letra, cantidad_reproducciones) VALUES (47,  11,  45,  3,  'Want it.',  195,  'Jazz', 'Certainly special seven physical court author. Let guy son l',  1001);
INSERT INTO canciones (id_cancion, id_artista, id_grupo, id_genero, titulo, duracion_segundos, genero, letra, cantidad_reproducciones) VALUES (48,  8,  1,  5,  'Place strong.',  269,  'Hip Hop', 'Example office between table. Suddenly idea common laugh env',  4595);
INSERT INTO canciones (id_cancion, id_artista, id_grupo, id_genero, titulo, duracion_segundos, genero, letra, cantidad_reproducciones) VALUES (49,  9,  37,  3,  'Follow current.',  156,  'Jazz', 'Fire market gas wind task top worry. Similar adult range tru',  3779);
INSERT INTO canciones (id_cancion, id_artista, id_grupo, id_genero, titulo, duracion_segundos, genero, letra, cantidad_reproducciones) VALUES (50,  50,  5,  8,  'She push.',  202,  'Folk', 'Thus growth him power. People worker time decide rest others',  4463);


----------------------------------------

INSERT INTO listas_reproduccion (id_lista, nombre, id_usuario, fecha_creacion) VALUES (1, 'Lista 1', 6, '2023-07-06');
INSERT INTO listas_reproduccion (id_lista, nombre, id_usuario, fecha_creacion) VALUES (2, 'Lista 2', 23, '2023-12-15');
INSERT INTO listas_reproduccion (id_lista, nombre, id_usuario, fecha_creacion) VALUES (3, 'Lista 3', 18, '2024-01-23');
INSERT INTO listas_reproduccion (id_lista, nombre, id_usuario, fecha_creacion) VALUES (4, 'Lista 4', 3, '2025-02-21');
INSERT INTO listas_reproduccion (id_lista, nombre, id_usuario, fecha_creacion) VALUES (5, 'Lista 5', 47, '2022-10-16');
INSERT INTO listas_reproduccion (id_lista, nombre, id_usuario, fecha_creacion) VALUES (6, 'Lista 6', 33, '2022-12-31');
INSERT INTO listas_reproduccion (id_lista, nombre, id_usuario, fecha_creacion) VALUES (7, 'Lista 7', 35, '2024-04-08');
INSERT INTO listas_reproduccion (id_lista, nombre, id_usuario, fecha_creacion) VALUES (8, 'Lista 8', 33, '2023-01-18');
INSERT INTO listas_reproduccion (id_lista, nombre, id_usuario, fecha_creacion) VALUES (9, 'Lista 9', 28, '2022-12-19');
INSERT INTO listas_reproduccion (id_lista, nombre, id_usuario, fecha_creacion) VALUES (10, 'Lista 10', 26, '2024-11-23');
INSERT INTO listas_reproduccion (id_lista, nombre, id_usuario, fecha_creacion) VALUES (11, 'Lista 11', 10, '2023-01-22');
INSERT INTO listas_reproduccion (id_lista, nombre, id_usuario, fecha_creacion) VALUES (12, 'Lista 12', 47, '2022-07-28');
INSERT INTO listas_reproduccion (id_lista, nombre, id_usuario, fecha_creacion) VALUES (13, 'Lista 13', 45, '2023-05-23');
INSERT INTO listas_reproduccion (id_lista, nombre, id_usuario, fecha_creacion) VALUES (14, 'Lista 14', 11, '2024-05-17');
INSERT INTO listas_reproduccion (id_lista, nombre, id_usuario, fecha_creacion) VALUES (15, 'Lista 15', 21, '2024-05-23');
INSERT INTO listas_reproduccion (id_lista, nombre, id_usuario, fecha_creacion) VALUES (16, 'Lista 16', 50, '2022-12-08');
INSERT INTO listas_reproduccion (id_lista, nombre, id_usuario, fecha_creacion) VALUES (17, 'Lista 17', 22, '2024-09-26');
INSERT INTO listas_reproduccion (id_lista, nombre, id_usuario, fecha_creacion) VALUES (18, 'Lista 18', 1, '2023-01-10');
INSERT INTO listas_reproduccion (id_lista, nombre, id_usuario, fecha_creacion) VALUES (19, 'Lista 19', 17, '2025-01-19');
INSERT INTO listas_reproduccion (id_lista, nombre, id_usuario, fecha_creacion) VALUES (20, 'Lista 20', 25, '2024-04-20');
INSERT INTO listas_reproduccion (id_lista, nombre, id_usuario, fecha_creacion) VALUES (21, 'Lista 21', 30, '2022-10-03');
INSERT INTO listas_reproduccion (id_lista, nombre, id_usuario, fecha_creacion) VALUES (22, 'Lista 22', 3, '2024-04-14');
INSERT INTO listas_reproduccion (id_lista, nombre, id_usuario, fecha_creacion) VALUES (23, 'Lista 23', 30, '2023-04-18');
INSERT INTO listas_reproduccion (id_lista, nombre, id_usuario, fecha_creacion) VALUES (24, 'Lista 24', 2, '2024-02-01');
INSERT INTO listas_reproduccion (id_lista, nombre, id_usuario, fecha_creacion) VALUES (25, 'Lista 25', 13, '2023-01-08');
INSERT INTO listas_reproduccion (id_lista, nombre, id_usuario, fecha_creacion) VALUES (26, 'Lista 26', 47, '2022-09-25');
INSERT INTO listas_reproduccion (id_lista, nombre, id_usuario, fecha_creacion) VALUES (27, 'Lista 27', 4, '2022-06-21');
INSERT INTO listas_reproduccion (id_lista, nombre, id_usuario, fecha_creacion) VALUES (28, 'Lista 28', 34, '2024-06-07');
INSERT INTO listas_reproduccion (id_lista, nombre, id_usuario, fecha_creacion) VALUES (29, 'Lista 29', 38, '2022-05-27');
INSERT INTO listas_reproduccion (id_lista, nombre, id_usuario, fecha_creacion) VALUES (30, 'Lista 30', 23, '2025-03-25');
INSERT INTO listas_reproduccion (id_lista, nombre, id_usuario, fecha_creacion) VALUES (31, 'Lista 31', 21, '2022-08-15');
INSERT INTO listas_reproduccion (id_lista, nombre, id_usuario, fecha_creacion) VALUES (32, 'Lista 32', 13, '2022-08-22');
INSERT INTO listas_reproduccion (id_lista, nombre, id_usuario, fecha_creacion) VALUES (33, 'Lista 33', 28, '2024-10-02');
INSERT INTO listas_reproduccion (id_lista, nombre, id_usuario, fecha_creacion) VALUES (34, 'Lista 34', 7, '2022-10-28');
INSERT INTO listas_reproduccion (id_lista, nombre, id_usuario, fecha_creacion) VALUES (35, 'Lista 35', 50, '2022-11-12');
INSERT INTO listas_reproduccion (id_lista, nombre, id_usuario, fecha_creacion) VALUES (36, 'Lista 36', 42, '2024-08-19');
INSERT INTO listas_reproduccion (id_lista, nombre, id_usuario, fecha_creacion) VALUES (37, 'Lista 37', 20, '2023-02-18');
INSERT INTO listas_reproduccion (id_lista, nombre, id_usuario, fecha_creacion) VALUES (38, 'Lista 38', 31, '2024-12-26');
INSERT INTO listas_reproduccion (id_lista, nombre, id_usuario, fecha_creacion) VALUES (39, 'Lista 39', 44, '2023-10-07');
INSERT INTO listas_reproduccion (id_lista, nombre, id_usuario, fecha_creacion) VALUES (40, 'Lista 40', 23, '2023-10-18');
INSERT INTO listas_reproduccion (id_lista, nombre, id_usuario, fecha_creacion) VALUES (41, 'Lista 41', 2, '2022-08-31');
INSERT INTO listas_reproduccion (id_lista, nombre, id_usuario, fecha_creacion) VALUES (42, 'Lista 42', 35, '2022-08-24');
INSERT INTO listas_reproduccion (id_lista, nombre, id_usuario, fecha_creacion) VALUES (43, 'Lista 43', 10, '2023-11-04');
INSERT INTO listas_reproduccion (id_lista, nombre, id_usuario, fecha_creacion) VALUES (44, 'Lista 44', 19, '2024-04-25');
INSERT INTO listas_reproduccion (id_lista, nombre, id_usuario, fecha_creacion) VALUES (45, 'Lista 45', 32, '2022-10-10');
INSERT INTO listas_reproduccion (id_lista, nombre, id_usuario, fecha_creacion) VALUES (46, 'Lista 46', 15, '2023-09-01');
INSERT INTO listas_reproduccion (id_lista, nombre, id_usuario, fecha_creacion) VALUES (47, 'Lista 47', 24, '2024-09-04');
INSERT INTO listas_reproduccion (id_lista, nombre, id_usuario, fecha_creacion) VALUES (48, 'Lista 48', 33, '2024-06-17');
INSERT INTO listas_reproduccion (id_lista, nombre, id_usuario, fecha_creacion) VALUES (49, 'Lista 49', 26, '2023-02-07');
INSERT INTO listas_reproduccion (id_lista, nombre, id_usuario, fecha_creacion) VALUES (50, 'Lista 50', 10, '2024-10-27');

------------------------------------------------------------

INSERT INTO listas_x_canciones (id_lista, id_cancion, fecha_hora_agregada) VALUES (25, 2, '2023-09-19 11:24:33');
INSERT INTO listas_x_canciones (id_lista, id_cancion, fecha_hora_agregada) VALUES (1, 24, '2024-11-11 16:21:27');
INSERT INTO listas_x_canciones (id_lista, id_cancion, fecha_hora_agregada) VALUES (31, 20, '2024-07-05 12:20:37');
INSERT INTO listas_x_canciones (id_lista, id_cancion, fecha_hora_agregada) VALUES (41, 15, '2024-06-14 11:09:45');
INSERT INTO listas_x_canciones (id_lista, id_cancion, fecha_hora_agregada) VALUES (16, 34, '2024-03-08 12:26:27');
INSERT INTO listas_x_canciones (id_lista, id_cancion, fecha_hora_agregada) VALUES (45, 38, '2024-07-10 01:28:47');
INSERT INTO listas_x_canciones (id_lista, id_cancion, fecha_hora_agregada) VALUES (20, 30, '2023-11-07 13:33:21');
INSERT INTO listas_x_canciones (id_lista, id_cancion, fecha_hora_agregada) VALUES (46, 22, '2023-06-11 19:09:19');
INSERT INTO listas_x_canciones (id_lista, id_cancion, fecha_hora_agregada) VALUES (1, 45, '2023-07-16 16:01:29');
INSERT INTO listas_x_canciones (id_lista, id_cancion, fecha_hora_agregada) VALUES (23, 45, '2024-02-17 14:49:39');
INSERT INTO listas_x_canciones (id_lista, id_cancion, fecha_hora_agregada) VALUES (21, 35, '2025-01-09 23:06:32');
INSERT INTO listas_x_canciones (id_lista, id_cancion, fecha_hora_agregada) VALUES (8, 28, '2023-06-11 21:01:08');
INSERT INTO listas_x_canciones (id_lista, id_cancion, fecha_hora_agregada) VALUES (48, 13, '2024-10-31 11:23:12');
INSERT INTO listas_x_canciones (id_lista, id_cancion, fecha_hora_agregada) VALUES (10, 32, '2025-02-28 19:00:14');
INSERT INTO listas_x_canciones (id_lista, id_cancion, fecha_hora_agregada) VALUES (44, 1, '2023-08-23 01:32:31');
INSERT INTO listas_x_canciones (id_lista, id_cancion, fecha_hora_agregada) VALUES (2, 20, '2025-03-29 02:59:32');
INSERT INTO listas_x_canciones (id_lista, id_cancion, fecha_hora_agregada) VALUES (29, 20, '2024-10-06 18:48:48');
INSERT INTO listas_x_canciones (id_lista, id_cancion, fecha_hora_agregada) VALUES (26, 27, '2023-07-08 19:56:44');
INSERT INTO listas_x_canciones (id_lista, id_cancion, fecha_hora_agregada) VALUES (47, 20, '2023-08-14 20:45:55');
INSERT INTO listas_x_canciones (id_lista, id_cancion, fecha_hora_agregada) VALUES (6, 48, '2025-03-16 20:20:59');
INSERT INTO listas_x_canciones (id_lista, id_cancion, fecha_hora_agregada) VALUES (49, 17, '2024-09-13 22:18:03');
INSERT INTO listas_x_canciones (id_lista, id_cancion, fecha_hora_agregada) VALUES (43, 41, '2023-10-22 01:03:56');
INSERT INTO listas_x_canciones (id_lista, id_cancion, fecha_hora_agregada) VALUES (31, 30, '2023-10-29 17:53:53');
INSERT INTO listas_x_canciones (id_lista, id_cancion, fecha_hora_agregada) VALUES (5, 20, '2024-12-04 04:34:27');
INSERT INTO listas_x_canciones (id_lista, id_cancion, fecha_hora_agregada) VALUES (16, 2, '2024-09-05 00:24:51');
INSERT INTO listas_x_canciones (id_lista, id_cancion, fecha_hora_agregada) VALUES (48, 4, '2023-12-06 20:00:02');
INSERT INTO listas_x_canciones (id_lista, id_cancion, fecha_hora_agregada) VALUES (14, 20, '2023-08-08 00:56:46');
INSERT INTO listas_x_canciones (id_lista, id_cancion, fecha_hora_agregada) VALUES (12, 37, '2024-03-09 18:20:52');
INSERT INTO listas_x_canciones (id_lista, id_cancion, fecha_hora_agregada) VALUES (8, 36, '2024-10-01 12:24:43');
INSERT INTO listas_x_canciones (id_lista, id_cancion, fecha_hora_agregada) VALUES (4, 5, '2023-12-15 15:57:45');
INSERT INTO listas_x_canciones (id_lista, id_cancion, fecha_hora_agregada) VALUES (19, 8, '2024-05-26 22:30:27');
INSERT INTO listas_x_canciones (id_lista, id_cancion, fecha_hora_agregada) VALUES (25, 50, '2023-06-15 08:45:53');
INSERT INTO listas_x_canciones (id_lista, id_cancion, fecha_hora_agregada) VALUES (46, 2, '2024-11-04 18:23:18');
INSERT INTO listas_x_canciones (id_lista, id_cancion, fecha_hora_agregada) VALUES (39, 22, '2023-06-07 19:59:02');
INSERT INTO listas_x_canciones (id_lista, id_cancion, fecha_hora_agregada) VALUES (36, 2, '2024-01-31 11:35:23');
INSERT INTO listas_x_canciones (id_lista, id_cancion, fecha_hora_agregada) VALUES (18, 32, '2023-04-07 14:34:54');
INSERT INTO listas_x_canciones (id_lista, id_cancion, fecha_hora_agregada) VALUES (29, 10, '2023-05-17 01:20:17');
INSERT INTO listas_x_canciones (id_lista, id_cancion, fecha_hora_agregada) VALUES (50, 33, '2023-08-23 03:50:11');
INSERT INTO listas_x_canciones (id_lista, id_cancion, fecha_hora_agregada) VALUES (14, 3, '2023-12-21 10:26:31');
INSERT INTO listas_x_canciones (id_lista, id_cancion, fecha_hora_agregada) VALUES (39, 12, '2024-03-01 16:38:06');
INSERT INTO listas_x_canciones (id_lista, id_cancion, fecha_hora_agregada) VALUES (7, 5, '2025-02-13 18:39:35');
INSERT INTO listas_x_canciones (id_lista, id_cancion, fecha_hora_agregada) VALUES (35, 11, '2023-10-08 11:11:19');
INSERT INTO listas_x_canciones (id_lista, id_cancion, fecha_hora_agregada) VALUES (44, 22, '2024-12-11 20:21:32');
INSERT INTO listas_x_canciones (id_lista, id_cancion, fecha_hora_agregada) VALUES (34, 11, '2023-12-11 16:12:18');
INSERT INTO listas_x_canciones (id_lista, id_cancion, fecha_hora_agregada) VALUES (11, 38, '2025-03-18 01:09:21');
INSERT INTO listas_x_canciones (id_lista, id_cancion, fecha_hora_agregada) VALUES (31, 12, '2024-02-24 16:50:37');
INSERT INTO listas_x_canciones (id_lista, id_cancion, fecha_hora_agregada) VALUES (47, 48, '2024-06-29 07:11:27');
INSERT INTO listas_x_canciones (id_lista, id_cancion, fecha_hora_agregada) VALUES (50, 3, '2023-07-03 21:39:54');
INSERT INTO listas_x_canciones (id_lista, id_cancion, fecha_hora_agregada) VALUES (27, 22, '2023-12-09 14:09:23');
INSERT INTO listas_x_canciones (id_lista, id_cancion, fecha_hora_agregada) VALUES (50, 27, '2023-05-19 13:06:03');

------------------------------------

INSERT INTO favoritos (id_usuario, id_cancion) VALUES (49, 33);
INSERT INTO favoritos (id_usuario, id_cancion) VALUES (34, 16);
INSERT INTO favoritos (id_usuario, id_cancion) VALUES (8, 35);
INSERT INTO favoritos (id_usuario, id_cancion) VALUES (26, 30);
INSERT INTO favoritos (id_usuario, id_cancion) VALUES (32, 48);
INSERT INTO favoritos (id_usuario, id_cancion) VALUES (46, 26);
INSERT INTO favoritos (id_usuario, id_cancion) VALUES (25, 16);
INSERT INTO favoritos (id_usuario, id_cancion) VALUES (48, 1);
INSERT INTO favoritos (id_usuario, id_cancion) VALUES (38, 22);
INSERT INTO favoritos (id_usuario, id_cancion) VALUES (40, 46);
INSERT INTO favoritos (id_usuario, id_cancion) VALUES (37, 16);
INSERT INTO favoritos (id_usuario, id_cancion) VALUES (3, 48);
INSERT INTO favoritos (id_usuario, id_cancion) VALUES (2, 29);
INSERT INTO favoritos (id_usuario, id_cancion) VALUES (45, 43);
INSERT INTO favoritos (id_usuario, id_cancion) VALUES (6, 37);
INSERT INTO favoritos (id_usuario, id_cancion) VALUES (30, 16);
INSERT INTO favoritos (id_usuario, id_cancion) VALUES (46, 49);
INSERT INTO favoritos (id_usuario, id_cancion) VALUES (20, 8);
INSERT INTO favoritos (id_usuario, id_cancion) VALUES (28, 35);
INSERT INTO favoritos (id_usuario, id_cancion) VALUES (15, 34);
INSERT INTO favoritos (id_usuario, id_cancion) VALUES (16, 17);
INSERT INTO favoritos (id_usuario, id_cancion) VALUES (9, 25);
INSERT INTO favoritos (id_usuario, id_cancion) VALUES (23, 36);
INSERT INTO favoritos (id_usuario, id_cancion) VALUES (15, 27);
INSERT INTO favoritos (id_usuario, id_cancion) VALUES (34, 22);
INSERT INTO favoritos (id_usuario, id_cancion) VALUES (28, 6);
INSERT INTO favoritos (id_usuario, id_cancion) VALUES (18, 11);
INSERT INTO favoritos (id_usuario, id_cancion) VALUES (39, 39);
INSERT INTO favoritos (id_usuario, id_cancion) VALUES (12, 25);
INSERT INTO favoritos (id_usuario, id_cancion) VALUES (28, 5);
INSERT INTO favoritos (id_usuario, id_cancion) VALUES (22, 4);
INSERT INTO favoritos (id_usuario, id_cancion) VALUES (35, 30);
INSERT INTO favoritos (id_usuario, id_cancion) VALUES (11, 38);
INSERT INTO favoritos (id_usuario, id_cancion) VALUES (35, 3);
INSERT INTO favoritos (id_usuario, id_cancion) VALUES (48, 4);
INSERT INTO favoritos (id_usuario, id_cancion) VALUES (23, 2);
INSERT INTO favoritos (id_usuario, id_cancion) VALUES (39, 41);
INSERT INTO favoritos (id_usuario, id_cancion) VALUES (22, 44);
INSERT INTO favoritos (id_usuario, id_cancion) VALUES (10, 40);
INSERT INTO favoritos (id_usuario, id_cancion) VALUES (10, 23);
INSERT INTO favoritos (id_usuario, id_cancion) VALUES (13, 31);
INSERT INTO favoritos (id_usuario, id_cancion) VALUES (11, 21);
INSERT INTO favoritos (id_usuario, id_cancion) VALUES (33, 32);
INSERT INTO favoritos (id_usuario, id_cancion) VALUES (22, 10);
INSERT INTO favoritos (id_usuario, id_cancion) VALUES (20, 40);
INSERT INTO favoritos (id_usuario, id_cancion) VALUES (44, 27);
INSERT INTO favoritos (id_usuario, id_cancion) VALUES (47, 37);
INSERT INTO favoritos (id_usuario, id_cancion) VALUES (43, 50);
INSERT INTO favoritos (id_usuario, id_cancion) VALUES (45, 12);
INSERT INTO favoritos (id_usuario, id_cancion) VALUES (32, 17);

INSERT INTO estadisticas (id_usuario, id_cancion, cantidad_reproducciones, fecha_ultima_reproduccion, cantidad_minutos_reproduccion) VALUES (35, 13, 52, '2024-10-01', 208);
INSERT INTO estadisticas (id_usuario, id_cancion, cantidad_reproducciones, fecha_ultima_reproduccion, cantidad_minutos_reproduccion) VALUES (11, 38, 74, '2024-11-19', 370);
INSERT INTO estadisticas (id_usuario, id_cancion, cantidad_reproducciones, fecha_ultima_reproduccion, cantidad_minutos_reproduccion) VALUES (2, 42, 1, '2024-10-05', 3);
INSERT INTO estadisticas (id_usuario, id_cancion, cantidad_reproducciones, fecha_ultima_reproduccion, cantidad_minutos_reproduccion) VALUES (47, 32, 72, '2024-07-21', 144);
INSERT INTO estadisticas (id_usuario, id_cancion, cantidad_reproducciones, fecha_ultima_reproduccion, cantidad_minutos_reproduccion) VALUES (5, 34, 17, '2024-07-01', 51);
INSERT INTO estadisticas (id_usuario, id_cancion, cantidad_reproducciones, fecha_ultima_reproduccion, cantidad_minutos_reproduccion) VALUES (45, 30, 100, '2024-08-23', 500);
INSERT INTO estadisticas (id_usuario, id_cancion, cantidad_reproducciones, fecha_ultima_reproduccion, cantidad_minutos_reproduccion) VALUES (26, 33, 19, '2025-03-01', 38);
INSERT INTO estadisticas (id_usuario, id_cancion, cantidad_reproducciones, fecha_ultima_reproduccion, cantidad_minutos_reproduccion) VALUES (22, 11, 63, '2024-12-30', 315);
INSERT INTO estadisticas (id_usuario, id_cancion, cantidad_reproducciones, fecha_ultima_reproduccion, cantidad_minutos_reproduccion) VALUES (2, 41, 28, '2024-04-19', 112);
INSERT INTO estadisticas (id_usuario, id_cancion, cantidad_reproducciones, fecha_ultima_reproduccion, cantidad_minutos_reproduccion) VALUES (23, 20, 60, '2024-08-08', 120);
INSERT INTO estadisticas (id_usuario, id_cancion, cantidad_reproducciones, fecha_ultima_reproduccion, cantidad_minutos_reproduccion) VALUES (26, 25, 13, '2024-08-03', 65);
INSERT INTO estadisticas (id_usuario, id_cancion, cantidad_reproducciones, fecha_ultima_reproduccion, cantidad_minutos_reproduccion) VALUES (14, 43, 17, '2024-06-01', 68);
INSERT INTO estadisticas (id_usuario, id_cancion, cantidad_reproducciones, fecha_ultima_reproduccion, cantidad_minutos_reproduccion) VALUES (4, 25, 99, '2024-05-01', 396);
INSERT INTO estadisticas (id_usuario, id_cancion, cantidad_reproducciones, fecha_ultima_reproduccion, cantidad_minutos_reproduccion) VALUES (32, 15, 23, '2024-10-31', 46);
INSERT INTO estadisticas (id_usuario, id_cancion, cantidad_reproducciones, fecha_ultima_reproduccion, cantidad_minutos_reproduccion) VALUES (2, 42, 96, '2024-07-13', 192);
INSERT INTO estadisticas (id_usuario, id_cancion, cantidad_reproducciones, fecha_ultima_reproduccion, cantidad_minutos_reproduccion) VALUES (43, 10, 5, '2024-09-21', 10);
INSERT INTO estadisticas (id_usuario, id_cancion, cantidad_reproducciones, fecha_ultima_reproduccion, cantidad_minutos_reproduccion) VALUES (9, 5, 98, '2024-03-30', 196);
INSERT INTO estadisticas (id_usuario, id_cancion, cantidad_reproducciones, fecha_ultima_reproduccion, cantidad_minutos_reproduccion) VALUES (27, 22, 40, '2025-01-29', 80);
INSERT INTO estadisticas (id_usuario, id_cancion, cantidad_reproducciones, fecha_ultima_reproduccion, cantidad_minutos_reproduccion) VALUES (41, 25, 1, '2025-02-06', 3);
INSERT INTO estadisticas (id_usuario, id_cancion, cantidad_reproducciones, fecha_ultima_reproduccion, cantidad_minutos_reproduccion) VALUES (18, 13, 30, '2024-11-23', 90);
INSERT INTO estadisticas (id_usuario, id_cancion, cantidad_reproducciones, fecha_ultima_reproduccion, cantidad_minutos_reproduccion) VALUES (14, 36, 55, '2024-11-25', 220);
INSERT INTO estadisticas (id_usuario, id_cancion, cantidad_reproducciones, fecha_ultima_reproduccion, cantidad_minutos_reproduccion) VALUES (1, 19, 42, '2024-05-29', 126);
INSERT INTO estadisticas (id_usuario, id_cancion, cantidad_reproducciones, fecha_ultima_reproduccion, cantidad_minutos_reproduccion) VALUES (41, 34, 28, '2025-02-23', 56);
INSERT INTO estadisticas (id_usuario, id_cancion, cantidad_reproducciones, fecha_ultima_reproduccion, cantidad_minutos_reproduccion) VALUES (28, 7, 100, '2024-05-21', 200);
INSERT INTO estadisticas (id_usuario, id_cancion, cantidad_reproducciones, fecha_ultima_reproduccion, cantidad_minutos_reproduccion) VALUES (39, 5, 20, '2025-01-07', 100);
INSERT INTO estadisticas (id_usuario, id_cancion, cantidad_reproducciones, fecha_ultima_reproduccion, cantidad_minutos_reproduccion) VALUES (1, 45, 90, '2024-10-30', 360);
INSERT INTO estadisticas (id_usuario, id_cancion, cantidad_reproducciones, fecha_ultima_reproduccion, cantidad_minutos_reproduccion) VALUES (39, 26, 21, '2024-11-03', 42);
INSERT INTO estadisticas (id_usuario, id_cancion, cantidad_reproducciones, fecha_ultima_reproduccion, cantidad_minutos_reproduccion) VALUES (45, 23, 82, '2024-08-06', 328);
INSERT INTO estadisticas (id_usuario, id_cancion, cantidad_reproducciones, fecha_ultima_reproduccion, cantidad_minutos_reproduccion) VALUES (33, 16, 64, '2024-12-17', 256);
INSERT INTO estadisticas (id_usuario, id_cancion, cantidad_reproducciones, fecha_ultima_reproduccion, cantidad_minutos_reproduccion) VALUES (9, 39, 30, '2025-01-10', 60);
INSERT INTO estadisticas (id_usuario, id_cancion, cantidad_reproducciones, fecha_ultima_reproduccion, cantidad_minutos_reproduccion) VALUES (22, 32, 77, '2024-09-20', 308);
INSERT INTO estadisticas (id_usuario, id_cancion, cantidad_reproducciones, fecha_ultima_reproduccion, cantidad_minutos_reproduccion) VALUES (36, 34, 26, '2025-02-19', 52);
INSERT INTO estadisticas (id_usuario, id_cancion, cantidad_reproducciones, fecha_ultima_reproduccion, cantidad_minutos_reproduccion) VALUES (26, 18, 1, '2025-02-28', 2);
INSERT INTO estadisticas (id_usuario, id_cancion, cantidad_reproducciones, fecha_ultima_reproduccion, cantidad_minutos_reproduccion) VALUES (13, 33, 67, '2024-12-22', 335);
INSERT INTO estadisticas (id_usuario, id_cancion, cantidad_reproducciones, fecha_ultima_reproduccion, cantidad_minutos_reproduccion) VALUES (44, 25, 27, '2024-04-23', 81);
INSERT INTO estadisticas (id_usuario, id_cancion, cantidad_reproducciones, fecha_ultima_reproduccion, cantidad_minutos_reproduccion) VALUES (1, 34, 3, '2025-01-29', 9);
INSERT INTO estadisticas (id_usuario, id_cancion, cantidad_reproducciones, fecha_ultima_reproduccion, cantidad_minutos_reproduccion) VALUES (36, 3, 64, '2024-08-26', 320);
INSERT INTO estadisticas (id_usuario, id_cancion, cantidad_reproducciones, fecha_ultima_reproduccion, cantidad_minutos_reproduccion) VALUES (12, 48, 31, '2025-02-09', 155);
INSERT INTO estadisticas (id_usuario, id_cancion, cantidad_reproducciones, fecha_ultima_reproduccion, cantidad_minutos_reproduccion) VALUES (14, 3, 35, '2024-07-11', 105);
INSERT INTO estadisticas (id_usuario, id_cancion, cantidad_reproducciones, fecha_ultima_reproduccion, cantidad_minutos_reproduccion) VALUES (15, 24, 58, '2024-09-25', 290);
INSERT INTO estadisticas (id_usuario, id_cancion, cantidad_reproducciones, fecha_ultima_reproduccion, cantidad_minutos_reproduccion) VALUES (4, 35, 90, '2024-07-15', 270);
INSERT INTO estadisticas (id_usuario, id_cancion, cantidad_reproducciones, fecha_ultima_reproduccion, cantidad_minutos_reproduccion) VALUES (36, 23, 74, '2024-04-08', 148);
INSERT INTO estadisticas (id_usuario, id_cancion, cantidad_reproducciones, fecha_ultima_reproduccion, cantidad_minutos_reproduccion) VALUES (50, 42, 16, '2024-09-01', 48);
INSERT INTO estadisticas (id_usuario, id_cancion, cantidad_reproducciones, fecha_ultima_reproduccion, cantidad_minutos_reproduccion) VALUES (12, 27, 21, '2025-02-24', 42);
INSERT INTO estadisticas (id_usuario, id_cancion, cantidad_reproducciones, fecha_ultima_reproduccion, cantidad_minutos_reproduccion) VALUES (20, 10, 13, '2024-04-06', 39);
INSERT INTO estadisticas (id_usuario, id_cancion, cantidad_reproducciones, fecha_ultima_reproduccion, cantidad_minutos_reproduccion) VALUES (18, 16, 77, '2025-02-05', 385);
INSERT INTO estadisticas (id_usuario, id_cancion, cantidad_reproducciones, fecha_ultima_reproduccion, cantidad_minutos_reproduccion) VALUES (21, 2, 3, '2025-03-14', 6);
INSERT INTO estadisticas (id_usuario, id_cancion, cantidad_reproducciones, fecha_ultima_reproduccion, cantidad_minutos_reproduccion) VALUES (10, 33, 17, '2024-09-20', 68);
INSERT INTO estadisticas (id_usuario, id_cancion, cantidad_reproducciones, fecha_ultima_reproduccion, cantidad_minutos_reproduccion) VALUES (50, 13, 43, '2025-02-05', 129);
INSERT INTO estadisticas (id_usuario, id_cancion, cantidad_reproducciones, fecha_ultima_reproduccion, cantidad_minutos_reproduccion) VALUES (7, 13, 71, '2024-05-10', 142);

-------

-- Repeticiones (mismo usuario, cancin, fecha)
INSERT INTO reproducciones VALUES (1, 3, 38, '2023-07-09', 72);
INSERT INTO reproducciones VALUES (2, 3, 38, '2023-07-09', 75); -- Repetida
INSERT INTO reproducciones VALUES (3, 3, 38, '2023-07-09', 80); -- Repetida

INSERT INTO reproducciones VALUES (4, 5, 22, '2024-03-15', 150);
INSERT INTO reproducciones VALUES (5, 5, 22, '2024-03-15', 160); -- Repetida

INSERT INTO reproducciones VALUES (6, 8, 10, '2024-04-01', 140);
INSERT INTO reproducciones VALUES (7, 8, 10, '2024-04-01', 145); -- Repetida
INSERT INTO reproducciones VALUES (8, 8, 10, '2024-04-01', 150); -- Repetida

INSERT INTO reproducciones VALUES (9, 2, 11, '2024-05-01', 200);
INSERT INTO reproducciones VALUES (10, 2, 11, '2024-05-01', 195); -- Repetida

INSERT INTO reproducciones VALUES (11, 6, 18, '2023-11-20', 180);
INSERT INTO reproducciones VALUES (12, 6, 18, '2023-11-20', 175); -- Repetida

-- Reproducciones nicas (para variedad)
INSERT INTO reproducciones VALUES (13, 1, 12, '2023-08-01', 170);
INSERT INTO reproducciones VALUES (14, 2, 13, '2023-08-02', 180);
INSERT INTO reproducciones VALUES (15, 3, 14, '2023-08-03', 190);
INSERT INTO reproducciones VALUES (16, 4, 15, '2023-08-04', 200);
INSERT INTO reproducciones VALUES (17, 5, 16, '2023-08-05', 210);
INSERT INTO reproducciones VALUES (18, 6, 17, '2023-08-06', 220);
INSERT INTO reproducciones VALUES (19, 7, 18, '2023-08-07', 230);
INSERT INTO reproducciones VALUES (20, 8, 19, '2023-08-08', 240);

-- Ms repeticiones
INSERT INTO reproducciones VALUES (21, 9, 25, '2023-12-25', 130);
INSERT INTO reproducciones VALUES (22, 9, 25, '2023-12-25', 135); -- Repetida
INSERT INTO reproducciones VALUES (23, 9, 25, '2023-12-25', 138); -- Repetida

INSERT INTO reproducciones VALUES (24, 10, 30, '2024-01-01', 150);
INSERT INTO reproducciones VALUES (25, 10, 30, '2024-01-01', 160); -- Repetida

INSERT INTO reproducciones VALUES (26, 11, 31, '2024-01-05', 170);
INSERT INTO reproducciones VALUES (27, 11, 31, '2024-01-05', 180); -- Repetida

-- Ms usuarios nicos
INSERT INTO reproducciones VALUES (28, 12, 32, '2024-02-01', 190);
INSERT INTO reproducciones VALUES (29, 13, 33, '2024-02-02', 200);
INSERT INTO reproducciones VALUES (30, 14, 34, '2024-02-03', 210);
INSERT INTO reproducciones VALUES (31, 15, 35, '2024-02-04', 220);
INSERT INTO reproducciones VALUES (32, 16, 36, '2024-02-05', 230);
INSERT INTO reproducciones VALUES (33, 17, 37, '2024-02-06', 240);

-- Repeticiones finales
INSERT INTO reproducciones VALUES (34, 18, 40, '2024-03-03', 150);
INSERT INTO reproducciones VALUES (35, 18, 40, '2024-03-03', 155); -- Repetida

INSERT INTO reproducciones VALUES (36, 19, 41, '2024-04-04', 160);
INSERT INTO reproducciones VALUES (37, 19, 41, '2024-04-04', 162); -- Repetida

INSERT INTO reproducciones VALUES (38, 20, 42, '2024-04-05', 170);
INSERT INTO reproducciones VALUES (39, 20, 42, '2024-04-05', 175); -- Repetida
INSERT INTO reproducciones VALUES (40, 20, 42, '2024-04-05', 178); -- Repetida

-- Usuarios 21-25, sin repeticiones
INSERT INTO reproducciones VALUES (41, 21, 43, '2024-05-01', 180);
INSERT INTO reproducciones VALUES (42, 22, 44, '2024-05-02', 190);
INSERT INTO reproducciones VALUES (43, 23, 45, '2024-05-03', 200);
INSERT INTO reproducciones VALUES (44, 24, 46, '2024-05-04', 210);
INSERT INTO reproducciones VALUES (45, 25, 47, '2024-05-05', 220);

-- Repeticiones finales
INSERT INTO reproducciones VALUES (46, 26, 50, '2024-06-06', 180);
INSERT INTO reproducciones VALUES (47, 26, 50, '2024-06-06', 185); -- Repetida

INSERT INTO reproducciones VALUES (48, 27, 51, '2024-06-07', 190);
INSERT INTO reproducciones VALUES (49, 27, 51, '2024-06-07', 195); -- Repetida

INSERT INTO reproducciones VALUES (50, 28, 52, '2024-06-08', 200);


--DELETE FROM REPRODUCCIONES
-------------------------------------

INSERT INTO pagos (id_pago, id_usuario, id_plan, fecha_pago) VALUES (1, 18, 5, '2023-08-06');
INSERT INTO pagos (id_pago, id_usuario, id_plan, fecha_pago) VALUES (2, 40, 2, '2024-12-19');
INSERT INTO pagos (id_pago, id_usuario, id_plan, fecha_pago) VALUES (3, 15, 5, '2023-06-01');
INSERT INTO pagos (id_pago, id_usuario, id_plan, fecha_pago) VALUES (4, 36, 2, '2023-06-09');
INSERT INTO pagos (id_pago, id_usuario, id_plan, fecha_pago) VALUES (5, 36, 4, '2023-10-03');
INSERT INTO pagos (id_pago, id_usuario, id_plan, fecha_pago) VALUES (6, 31, 3, '2023-06-24');
INSERT INTO pagos (id_pago, id_usuario, id_plan, fecha_pago) VALUES (7, 32, 1, '2023-09-02');
INSERT INTO pagos (id_pago, id_usuario, id_plan, fecha_pago) VALUES (8, 45, 1, '2024-04-03');
INSERT INTO pagos (id_pago, id_usuario, id_plan, fecha_pago) VALUES (9, 5, 5, '2025-02-28');
INSERT INTO pagos (id_pago, id_usuario, id_plan, fecha_pago) VALUES (10, 16, 3, '2024-10-06');
INSERT INTO pagos (id_pago, id_usuario, id_plan, fecha_pago) VALUES (11, 29, 3, '2025-01-13');
INSERT INTO pagos (id_pago, id_usuario, id_plan, fecha_pago) VALUES (12, 49, 1, '2024-08-18');
INSERT INTO pagos (id_pago, id_usuario, id_plan, fecha_pago) VALUES (13, 41, 3, '2023-08-24');
INSERT INTO pagos (id_pago, id_usuario, id_plan, fecha_pago) VALUES (14, 1, 3, '2023-04-19');
INSERT INTO pagos (id_pago, id_usuario, id_plan, fecha_pago) VALUES (15, 18, 3, '2024-12-04');
INSERT INTO pagos (id_pago, id_usuario, id_plan, fecha_pago) VALUES (16, 46, 4, '2025-01-22');
INSERT INTO pagos (id_pago, id_usuario, id_plan, fecha_pago) VALUES (17, 29, 4, '2024-01-15');
INSERT INTO pagos (id_pago, id_usuario, id_plan, fecha_pago) VALUES (18, 39, 2, '2023-12-10');
INSERT INTO pagos (id_pago, id_usuario, id_plan, fecha_pago) VALUES (19, 40, 2, '2023-10-20');
INSERT INTO pagos (id_pago, id_usuario, id_plan, fecha_pago) VALUES (20, 30, 4, '2023-12-29');
INSERT INTO pagos (id_pago, id_usuario, id_plan, fecha_pago) VALUES (21, 21, 2, '2024-06-29');
INSERT INTO pagos (id_pago, id_usuario, id_plan, fecha_pago) VALUES (22, 17, 3, '2023-10-11');
INSERT INTO pagos (id_pago, id_usuario, id_plan, fecha_pago) VALUES (23, 44, 3, '2024-03-07');
INSERT INTO pagos (id_pago, id_usuario, id_plan, fecha_pago) VALUES (24, 44, 4, '2025-03-03');
INSERT INTO pagos (id_pago, id_usuario, id_plan, fecha_pago) VALUES (25, 24, 4, '2024-05-05');
INSERT INTO pagos (id_pago, id_usuario, id_plan, fecha_pago) VALUES (26, 40, 4, '2024-10-31');
INSERT INTO pagos (id_pago, id_usuario, id_plan, fecha_pago) VALUES (27, 44, 5, '2023-04-27');
INSERT INTO pagos (id_pago, id_usuario, id_plan, fecha_pago) VALUES (28, 19, 3, '2023-11-25');
INSERT INTO pagos (id_pago, id_usuario, id_plan, fecha_pago) VALUES (29, 20, 2, '2025-02-04');
INSERT INTO pagos (id_pago, id_usuario, id_plan, fecha_pago) VALUES (30, 31, 1, '2024-03-09');
INSERT INTO pagos (id_pago, id_usuario, id_plan, fecha_pago) VALUES (31, 24, 1, '2024-02-28');
INSERT INTO pagos (id_pago, id_usuario, id_plan, fecha_pago) VALUES (32, 37, 5, '2025-03-06');
INSERT INTO pagos (id_pago, id_usuario, id_plan, fecha_pago) VALUES (33, 3, 5, '2025-01-13');
INSERT INTO pagos (id_pago, id_usuario, id_plan, fecha_pago) VALUES (34, 31, 3, '2023-09-18');
INSERT INTO pagos (id_pago, id_usuario, id_plan, fecha_pago) VALUES (35, 50, 5, '2025-02-06');
INSERT INTO pagos (id_pago, id_usuario, id_plan, fecha_pago) VALUES (36, 10, 3, '2024-11-05');
INSERT INTO pagos (id_pago, id_usuario, id_plan, fecha_pago) VALUES (37, 35, 5, '2024-10-21');
INSERT INTO pagos (id_pago, id_usuario, id_plan, fecha_pago) VALUES (38, 29, 1, '2024-10-27');
INSERT INTO pagos (id_pago, id_usuario, id_plan, fecha_pago) VALUES (39, 40, 1, '2024-03-30');
INSERT INTO pagos (id_pago, id_usuario, id_plan, fecha_pago) VALUES (40, 48, 2, '2023-04-09');
INSERT INTO pagos (id_pago, id_usuario, id_plan, fecha_pago) VALUES (41, 2, 3, '2024-05-07');
INSERT INTO pagos (id_pago, id_usuario, id_plan, fecha_pago) VALUES (42, 3, 4, '2024-12-24');
INSERT INTO pagos (id_pago, id_usuario, id_plan, fecha_pago) VALUES (43, 9, 3, '2024-07-03');
INSERT INTO pagos (id_pago, id_usuario, id_plan, fecha_pago) VALUES (44, 43, 3, '2024-10-15');
INSERT INTO pagos (id_pago, id_usuario, id_plan, fecha_pago) VALUES (45, 41, 3, '2024-01-30');
INSERT INTO pagos (id_pago, id_usuario, id_plan, fecha_pago) VALUES (46, 34, 5, '2024-10-03');
INSERT INTO pagos (id_pago, id_usuario, id_plan, fecha_pago) VALUES (47, 38, 5, '2024-12-09');
INSERT INTO pagos (id_pago, id_usuario, id_plan, fecha_pago) VALUES (48, 5, 1, '2025-01-20');
INSERT INTO pagos (id_pago, id_usuario, id_plan, fecha_pago) VALUES (49, 15, 1, '2024-12-18');
INSERT INTO pagos (id_pago, id_usuario, id_plan, fecha_pago) VALUES (50, 42, 4, '2023-12-15');


------------------------------------------

INSERT INTO top_artistas_mensuales (id_artista, id_grupo, anio, mes, cantidad_reproducciones, posicion) VALUES (9, 10, 2020, 'August', '9474', 9);
INSERT INTO top_artistas_mensuales (id_artista, id_grupo, anio, mes, cantidad_reproducciones, posicion) VALUES (5, 34, 2024, 'April', '5064', 2);
INSERT INTO top_artistas_mensuales (id_artista, id_grupo, anio, mes, cantidad_reproducciones, posicion) VALUES (17, 33, 2020, 'September', '4222', 2);
INSERT INTO top_artistas_mensuales (id_artista, id_grupo, anio, mes, cantidad_reproducciones, posicion) VALUES (8, 36, 2023, 'December', '4431', 8);
INSERT INTO top_artistas_mensuales (id_artista, id_grupo, anio, mes, cantidad_reproducciones, posicion) VALUES (8, 34, 2022, 'June', '1260', 3);
INSERT INTO top_artistas_mensuales (id_artista, id_grupo, anio, mes, cantidad_reproducciones, posicion) VALUES (39, 26, 2023, 'January', '2180', 4);
INSERT INTO top_artistas_mensuales (id_artista, id_grupo, anio, mes, cantidad_reproducciones, posicion) VALUES (35, 44, 2023, 'January', '2529', 6);
INSERT INTO top_artistas_mensuales (id_artista, id_grupo, anio, mes, cantidad_reproducciones, posicion) VALUES (47, 46, 2024, 'June', '1866', 6);
INSERT INTO top_artistas_mensuales (id_artista, id_grupo, anio, mes, cantidad_reproducciones, posicion) VALUES (23, 12, 2024, 'October', '3779', 10);
INSERT INTO top_artistas_mensuales (id_artista, id_grupo, anio, mes, cantidad_reproducciones, posicion) VALUES (11, 38, 2022, 'February', '8395', 1);
INSERT INTO top_artistas_mensuales (id_artista, id_grupo, anio, mes, cantidad_reproducciones, posicion) VALUES (9, 6, 2022, 'August', '9765', 9);
INSERT INTO top_artistas_mensuales (id_artista, id_grupo, anio, mes, cantidad_reproducciones, posicion) VALUES (47, 11, 2021, 'January', '9411', 2);
INSERT INTO top_artistas_mensuales (id_artista, id_grupo, anio, mes, cantidad_reproducciones, posicion) VALUES (24, 48, 2022, 'January', '6907', 8);
INSERT INTO top_artistas_mensuales (id_artista, id_grupo, anio, mes, cantidad_reproducciones, posicion) VALUES (34, 8, 2024, 'December', '4325', 1);
INSERT INTO top_artistas_mensuales (id_artista, id_grupo, anio, mes, cantidad_reproducciones, posicion) VALUES (19, 46, 2024, 'February', '3011', 9);
INSERT INTO top_artistas_mensuales (id_artista, id_grupo, anio, mes, cantidad_reproducciones, posicion) VALUES (33, 6, 2023, 'September', '8660', 5);
INSERT INTO top_artistas_mensuales (id_artista, id_grupo, anio, mes, cantidad_reproducciones, posicion) VALUES (27, 32, 2020, 'July', '4726', 7);
INSERT INTO top_artistas_mensuales (id_artista, id_grupo, anio, mes, cantidad_reproducciones, posicion) VALUES (12, 25, 2021, 'July', '6707', 4);
INSERT INTO top_artistas_mensuales (id_artista, id_grupo, anio, mes, cantidad_reproducciones, posicion) VALUES (44, 41, 2020, 'March', '1595', 7);
INSERT INTO top_artistas_mensuales (id_artista, id_grupo, anio, mes, cantidad_reproducciones, posicion) VALUES (15, 3, 2020, 'May', '8288', 1);
INSERT INTO top_artistas_mensuales (id_artista, id_grupo, anio, mes, cantidad_reproducciones, posicion) VALUES (44, 25, 2022, 'May', '8380', 9);
INSERT INTO top_artistas_mensuales (id_artista, id_grupo, anio, mes, cantidad_reproducciones, posicion) VALUES (40, 22, 2020, 'May', '4518', 7);
INSERT INTO top_artistas_mensuales (id_artista, id_grupo, anio, mes, cantidad_reproducciones, posicion) VALUES (39, 19, 2024, 'May', '6654', 4);
INSERT INTO top_artistas_mensuales (id_artista, id_grupo, anio, mes, cantidad_reproducciones, posicion) VALUES (40, 10, 2022, 'August', '8814', 3);
INSERT INTO top_artistas_mensuales (id_artista, id_grupo, anio, mes, cantidad_reproducciones, posicion) VALUES (7, 4, 2021, 'November', '4632', 7);
INSERT INTO top_artistas_mensuales (id_artista, id_grupo, anio, mes, cantidad_reproducciones, posicion) VALUES (33, 1, 2023, 'May', '7803', 10);
INSERT INTO top_artistas_mensuales (id_artista, id_grupo, anio, mes, cantidad_reproducciones, posicion) VALUES (3, 26, 2023, 'April', '7056', 9);
INSERT INTO top_artistas_mensuales (id_artista, id_grupo, anio, mes, cantidad_reproducciones, posicion) VALUES (28, 43, 2024, 'August', '6729', 3);
INSERT INTO top_artistas_mensuales (id_artista, id_grupo, anio, mes, cantidad_reproducciones, posicion) VALUES (1, 32, 2022, 'July', '8797', 6);
INSERT INTO top_artistas_mensuales (id_artista, id_grupo, anio, mes, cantidad_reproducciones, posicion) VALUES (31, 33, 2024, 'January', '4486', 5);
INSERT INTO top_artistas_mensuales (id_artista, id_grupo, anio, mes, cantidad_reproducciones, posicion) VALUES (22, 27, 2021, 'May', '9187', 4);
INSERT INTO top_artistas_mensuales (id_artista, id_grupo, anio, mes, cantidad_reproducciones, posicion) VALUES (39, 49, 2021, 'March', '1664', 6);
INSERT INTO top_artistas_mensuales (id_artista, id_grupo, anio, mes, cantidad_reproducciones, posicion) VALUES (28, 31, 2022, 'January', '6172', 8);
INSERT INTO top_artistas_mensuales (id_artista, id_grupo, anio, mes, cantidad_reproducciones, posicion) VALUES (13, 13, 2024, 'October', '2953', 2);
INSERT INTO top_artistas_mensuales (id_artista, id_grupo, anio, mes, cantidad_reproducciones, posicion) VALUES (22, 17, 2023, 'January', '3231', 4);
INSERT INTO top_artistas_mensuales (id_artista, id_grupo, anio, mes, cantidad_reproducciones, posicion) VALUES (11, 18, 2020, 'June', '3660', 4);
INSERT INTO top_artistas_mensuales (id_artista, id_grupo, anio, mes, cantidad_reproducciones, posicion) VALUES (3, 15, 2021, 'August', '3054', 4);
INSERT INTO top_artistas_mensuales (id_artista, id_grupo, anio, mes, cantidad_reproducciones, posicion) VALUES (37, 9, 2022, 'September', '7539', 1);
INSERT INTO top_artistas_mensuales (id_artista, id_grupo, anio, mes, cantidad_reproducciones, posicion) VALUES (26, 43, 2021, 'January', '4167', 8);
INSERT INTO top_artistas_mensuales (id_artista, id_grupo, anio, mes, cantidad_reproducciones, posicion) VALUES (43, 4, 2024, 'July', '8773', 4);
INSERT INTO top_artistas_mensuales (id_artista, id_grupo, anio, mes, cantidad_reproducciones, posicion) VALUES (24, 50, 2024, 'October', '3035', 8);
INSERT INTO top_artistas_mensuales (id_artista, id_grupo, anio, mes, cantidad_reproducciones, posicion) VALUES (47, 39, 2023, 'December', '9398', 5);
INSERT INTO top_artistas_mensuales (id_artista, id_grupo, anio, mes, cantidad_reproducciones, posicion) VALUES (24, 23, 2021, 'September', '5855', 4);
INSERT INTO top_artistas_mensuales (id_artista, id_grupo, anio, mes, cantidad_reproducciones, posicion) VALUES (7, 25, 2024, 'May', '3935', 1);
INSERT INTO top_artistas_mensuales (id_artista, id_grupo, anio, mes, cantidad_reproducciones, posicion) VALUES (37, 35, 2024, 'January', '7546', 8);
INSERT INTO top_artistas_mensuales (id_artista, id_grupo, anio, mes, cantidad_reproducciones, posicion) VALUES (11, 9, 2024, 'September', '2510', 6);
INSERT INTO top_artistas_mensuales (id_artista, id_grupo, anio, mes, cantidad_reproducciones, posicion) VALUES (30, 15, 2020, 'August', '5397', 7);
INSERT INTO top_artistas_mensuales (id_artista, id_grupo, anio, mes, cantidad_reproducciones, posicion) VALUES (32, 48, 2021, 'July', '1257', 6);
INSERT INTO top_artistas_mensuales (id_artista, id_grupo, anio, mes, cantidad_reproducciones, posicion) VALUES (47, 22, 2022, 'February', '4424', 5);
INSERT INTO top_artistas_mensuales (id_artista, id_grupo, anio, mes, cantidad_reproducciones, posicion) VALUES (32, 35, 2021, 'November', '4798', 10);



